Trade.Agreement,Dyads,NorthSouth,NumberMS,Sectoral,TypeDepth,TypeMemb,WTOListed,DateYMD,Year,nea,pop,gdp,gdp_pcap,export,merch,co2e,epi2020,ide,democ,vcc,Nombre de normes,IAE
1000_COMESA EAC SADC_2015,325,3,26,0,,4,0,12/31/2015,2015,1,,,,,,,,,,,24,2
1001_Singapore Sri Lanka_2018,,3,,,,,,12/31/2018,2018,0,13654338,416270.0047,55542.47314,3.44323E+11,212422.5,70132444,48.55,21.535545,6.47,48.52125612,15,1
1003_Brazil_Venezuela_2012,,3,,,,,,12/31/2012,2012,0,114724066.5,1818599.931,17147.81997,,168646.5,674028550,50.75,3.754963,6.78,47.8976437,0,1
1007_USMCA_2018,3,2,3,0,2,2,0,12/31/2018,2018,1,162639048,8131603.66,43486.64201,1.1919E+12,855669.3333,6425149160,64.3,3.013344,8.88,55.21756138,153,7
1008_EC Singapore Investment Protection Agreement_2018,,2,,,,,,12/31/2018,2018,0,,,,,,,,,,,8,1
1010_EC Vietnam Investment Protection Protocol_2019,,2,,,,,,12/31/2019,2019,0,,,,,,,,,,,6,1
1011_Bosnia and Herzegovina Turkey_2019,,3,,,,,,12/31/2019,2019,0,42970075.5,1210297.001,21689.22575,,93705.5,423502638,44,2.1866138,5,46.83118489,8,1
1012_Ecuador El Salvador_2017,,3,,,,,,12/31/2017,2017,0,11481799,124508.1631,10035.98219,14489583500,12441,45143904,47.05,2.0168846,5.69,48.64570563,17,2
1013_Georgia Hong Kong_2018,,3,,,,,,12/31/2018,2018,0,5589574.5,254048.4658,37658.29663,,285918,52663162,,26.825523,5.28,,21,2
1014_Mexico Peru_2011,,3,,,,,,12/31/2011,2011,0,71814101,1212408.75,14444.39826,2.09388E+11,198209,525577808,48.3,4.4726267,5.92,54.8765223,19,2
1015_Australia Hong Kong_2019,,2,,,,,,12/31/2019,2019,0,16421363,865566.4087,55098.7918,,402946,457711456,,16.057133,8.71,,19,2
1017_Korea UK_2019,,2,,,,,,12/31/2019,2019,1,59300574.5,2694054.208,45131.91481,7.70829E+11,501129.5,1010855480,73.9,0.69407,8.28,43.91031048,65,4
1022_Georgia UK_2019,,2,,,,,,12/31/2019,2019,1,35278244,1614625.508,31235.49286,4.51312E+11,231912,375639871,61.3,7.9132347,8.28,40.95476102,77,4
1031_Pacific States UK_2019,,2,,,,,,12/31/2019,2019,0,25765759.33,1069743.142,21283.53834,,157335,373978462,49.36666667,5.919521,8.28,48.86889169,16,1
1035_Eastern and Southern African States UK_2019,,2,,,,,,12/31/2019,2019,0,18608448.86,478175.82,15489.80672,1.31302E+11,68115.71429,391962279,44.98571429,,,54.96617363,33,2
1036_CARIFORUM UK_2019,,2,,,,,,12/31/2019,2019,0,6018921.813,220214.6878,18988.94029,,30416.375,457171159,,,,,44,3
1037_Southern African Customs Union Mozambique (SACUM) UK_2019,,2,,,,,,12/31/2019,2019,0,,,,,,,,,,,21,2
1038_Brazil Paraguay_2020,,3,,,,,,12/31/2020,2020,0,109907499.5,1493414.961,12952.42713,1.2733E+11,108849,451870588,48.8,2.5598605,6.78,48.08157417,0,1
1040_Eurasian Economic Union (EAEU)_2014,,3,,,,,,12/31/2014,2014,0,56852155.67,1473350.881,23339.95685,2.29564E+11,204116,1977897730,49.4,3.300631,3.08,50.18139417,16,2
1041_EFTA Turkey_2018,,2,,,,,,12/31/2018,2018,1,,,,,,,,,,,36,3
1043_Paraguay Taiwan_2017,,3,,,,,,12/31/2017,2017,0,,,,,,,,,,,4,1
1044_Regional Comprehensive Economic Partnership (RCEP)_2020,,2,,,,,,12/31/2020,2020,0,152571797.7,2639267.728,29012.46568,,361256.5333,14764877950,48.96,,,49.89723678,23,1
1045_Colombia Mexico_2011,,3,,,,,,12/31/2011,2011,0,79729690,1344900.497,15439.85515,2.15477E+11,203242,559628910,52.75,4.3726954,6.72,52.00430574,0,1
1046_EC UK_2020,,2,,,,,,12/31/2020,2020,1,,,,,,,,,,,118,5
1047_China Mauritius_2019,,3,,,,,,12/31/2019,2019,0,704505492.5,11277725.34,19435.79876,1.31765E+12,1250840,10725563376,41.2,3.076109,8.14,58.44730992,19,2
1048_Turkey UK_2020,,2,,,,,,12/31/2020,2020,0,75232957,2646521.806,35728.23714,,284583.5,739190080,61.95,4.910509,8.28,46.92222376,12,3
1049_Japan UK_2020,,1,,,,,,12/31/2020,2020,1,96671117,3954163.311,41400.92253,7.87905E+11,520424,1366059100,78.2,4.910509,8.33,51.86557572,85,4
1051_Cote d'Ivoire UK_2020,,2,,,,,,12/31/2020,2020,0,,,,,,,,,8.28,,16,1
1052_Kenya UK_2020,,2,,,,,,12/31/2020,2020,0,59533507,1556326.041,23588.3603,4.00228E+11,202781.5,348245560,58,4.910509,8.28,50.26314662,50,3
1053_Moldova UK_2020,,2,,,,,,12/31/2020,2020,1,34858182,1455786.465,27577.69447,3.96985E+11,200998,331504430,62.85,4.910509,8.28,48.83699304,88,5
1056_UK Ukraine_2020,,2,,,,,,12/31/2020,2020,0,55606641.5,1697965.012,27271.39763,4.25777E+11,224360.5,533087060,65.4,4.910509,8.28,43.92295848,83,4
1058_Cameroon UK_2020,,2,,,,,,12/31/2020,2020,0,46786160.5,1488429.02,23256.11409,3.98482E+11,201330.5,335964811,57.45,4.910509,8.28,45.30060529,22,2
1059_Canada UK_2020,,1,,,,,,12/31/2020,2020,0,52544200,2321092.301,44591.69505,6.39886E+11,395175,849108480,76.15,4.910509,8.88,46.04875367,19,2
1061_Israel Ukraine_2019,,3,,,,,,12/31/2019,2019,1,26720101.5,453319.8052,26411.04907,90683159867,54280.5,280602358,57.65,4.3139806,7.93,53.16187591,40,4
1062_Eastern and Southern Africa States (ESA) EC Interim EPA_2009,,2,,,,,,12/31/2009,2009,1,,,,,,,,,,,55,3
1063_Association of Southeast Asian Nations (ASEAN) Hong Kong_2018,,3,,,,,,12/31/2018,2018,0,,,,,,,,,,,18,1
1064_Ecuador Guatemala_2011,,3,,,,,,12/31/2011,2011,0,14879621.5,138173.2445,9241.865328,18680053959,16361.5,49501228,41.4,1.8703824,5.69,46.8560289,16,2
1065_Canada Israel_2018,,2,,,,,,12/31/2018,2018,1,22973942,1087410.896,44534.697,3.35159E+11,257132.5,637052080,68.4,5.711437,8.88,55.28767111,52,4
1070_Colombia MERCOSUR services_2018,4,3,5,1,,3,0,12/31/2018,2018,0,,,,,,,,,,,14,1
1071_Namibia Zimbabwe_2009,,3,,,,,,12/31/2009,2009,0,7373864.5,18649.31266,5106.423364,3245904096,2707.5,11012425,38.6,9.274736,6.52,60.73119338,0,1
1073_Brazil Chile_2018,,3,,,,,,12/31/2018,2018,1,114434021,1716634.147,19214.5394,1.82409E+11,153364.5,562437490,53.25,4.0774865,8.22,49.88606412,95,5
1074_Chile China_2017,,3,,,,,,12/31/2017,2017,1,707291788.5,10162050.62,18953.27288,1.25126E+12,1166084.5,10095289260,46.3,1.8964703,8.22,52.63742808,19,2
1079_Group of Three Protocol_2010,,3,,,,,,12/31/2010,2010,0,78674254.5,1288849.641,14888.66596,1.80479E+11,169009,532863860,52.75,2.7613578,6.72,52.00430574,0,1
1080_Chile Ecuador_2020,,3,,,,,,12/31/2020,2020,1,18444455,306699.1791,16441.93174,50622319892,47189,113087580,53.15,4.5022726,8.22,48.75470395,84,5
1082_Iceland Liechtenstein Norway UK_2021,,1,,,,,,12/31/2021,2021,1,18211542.75,,,,,392148995,,,,43.30510949,117,5
1084_Armenia Belarus Kazakhstan Kyrgyzstan Russia (EAEU) Serbia_2019,,3,,,,,,12/31/2019,2019,0,31426954.83,6278497.286,21551.79614,,89040.16667,2102025907,49.25,8.286464,6.33,48.83641324,4,1
109_Belarus Russia (Union State)_1999,1,3,2,0,3,1,0,12/8/1999,1999,0,78620757,1011741.639,10401.60437,45928694403,40730,1552144308,51.75,3.6578605,2.28,45.83102035,7,1
10_Albania Kosovo_2003,1,3,2,0,2,1,1,7/7/2003,2003,0,2371541,16417.8434,6770.979104,,,,,,,,6,1
112_Belarus Serbia_2009,1,3,2,0,2,1,0,3/31/2009,2009,0,8412695,128463.9931,15159.92664,,14824.5,106472840,54.1,6.4859147,6.33,43.40291006,4,1
114_Belarus Ukraine_1992,1,3,2,0,2,1,1,12/17/1992,1992,0,31183435,391102.9722,10684.38369,13958608570,5802,682765770,51.25,0.27061394,5.42,44.53450745,3,1
115_Belize Guatemala_2006,1,3,2,0,1,1,0,6/26/2006,2006,0,6751029.5,47133.58113,7243.933423,4180571384,3222,12619898,36.85,,,52.33138191,7,1
116_Bhutan India_2006,1,3,2,0,2,1,1,7/28/2006,2006,0,586523524,2034980.862,4625.284561,1.00231E+11,61111,1292878110,33.45,2.1301684,7.04,49.40552928,1,1
119_Bolivia Chile_1993,1,3,2,0,1,1,0,4/6/1993,1993,0,10771437.5,96251.8315,8053.043027,6926477576,4963.5,45648159,49.8,2.158788,8.22,50.47297158,15,2
11_Albania Macedonia_2002,1,3,2,0,2,1,1,3/22/2002,2002,0,2535583.5,20650.8161,8461.577473,983797011.7,728,11582014,52.2,3.1048272,6.41,,8,1
121_Bolivia Cuba_2000,1,3,2,0,1,1,0,5/8/2000,2000,0,9849223.5,100026.5539,9653.834974,2926793378,1453,34209374,46.35,,4.51,56.50191286,3,1
123_Bolivia MERCOSUR_1996,4,3,5,0,2,3,0,12/17/1996,1996,1,,,,,,,,,,,13,2
124_Bolivia Mexico_1994,1,3,2,0,2,1,0,9/10/1994,1994,0,48004073,746277.44,10552.53442,35965940208,30957,361481358,48.45,2.1768124,5.25,53.68797866,37,2
125_Bolivia Paraguay_1994,1,3,2,0,1,1,0,3/15/1994,1994,1,6094511.5,39129.44529,6897.131036,3041445215,1437.5,13042544,45.35,2.1768124,5.89,48.66848164,2,1
126_Bolivia Uruguay_1991,1,3,2,0,1,1,0,12/31/1991,1991,0,5190132.5,34509.65857,8069.643149,1733333206,1227,15022893,46.7,0.9731882,8.91,45.95878605,1,1
128_Bosnia and Herzegovina Bulgaria_2003,1,3,2,0,2,1,1,10/16/2003,2003,0,5979542,65671.50014,10641.25018,4513600528,4441.5,64831796,51.2,9.916259,6.53,44.37870123,8,1
129_Bosnia and Herzegovina Croatia_2000,1,3,2,0,2,1,1,12/19/2000,2000,0,4323826,55205.81335,12967.66887,4484458623,2750.5,33362211,54.25,4.587116,6.5,42.71279685,8,1
12_Albania Moldova_2003,1,3,2,0,2,1,1,12/31/2003,2003,0,2971407,20150.27865,6769.912791,1112967629,619,8707767,46.7,3.7230413,6.41,48.65274968,7,1
130_Bosnia and Herzegovina EC SAA_2008,27,2,28,0,2,3,0,6/16/2008,2008,0,,,,,,,,,,,30,2
131_Bosnia and Herzegovina Macedonia_2002,1,3,2,0,2,1,1,12/31/2002,2002,0,3109283.5,25527.50731,9108.579235,1171852210,1060.5,22006343,50.4,3.9797976,6.1,,8,1
132_Bosnia and Herzegovina Moldova_2002,1,3,2,0,2,1,1,12/23/2002,2002,0,3554897.5,23885.20057,7011.423157,1079347323,824.5,18224337,44.9,5.0577135,6.23,48.74595417,8,1
133_Bosnia and Herzegovina Romania_2003,1,3,2,0,2,1,1,12/31/2003,2003,0,12879041.5,171236.3504,11448.35026,7873128596,9501,118176100,55.05,4.4921684,6.45,43.0801241,8,1
134_Bosnia and Herzegovina Serbia Montenegro_2002,1,3,2,0,2,1,0,2/1/2002,2002,0,5847466,53335.93779,9157.495269,,,66402469,50.3,,6.33,42.70032221,8,1
135_Bosnia and Herzegovina Slovenia_2001,1,3,2,0,2,1,1,10/3/2001,2001,0,3093496,41759.85575,17505.82313,6041454784,5149.5,29565570,58.7,2.4008074,7.75,42.79757646,7,1
136_Bosnia and Herzegovina Turkey_2002,1,3,2,0,2,1,1,7/3/2002,2002,0,35093536.5,508911.3926,11673.11143,,18532,235398251,44,3.9797976,5,46.83118489,8,1
138a_Brazil Cuba_1992,1,3,2,0,1,1,0,7/27/1992,1992,0,83342269,857860.9553,11650.50209,23092267816,18696.5,254194126,49.8,,6.78,55.91500539,0,1
139_Brazil Cuba_1999,1,3,2,0,1,1,0,12/22/1999,1999,0,92278187.5,1044010.283,12200.64712,30739327204,24754.5,351723108,49.8,,6.78,55.91500539,1,1
13_Albania Romania_2003,1,3,2,0,2,1,1,2/1/2003,2003,0,12306971,166345.9922,10850.46648,7583178297,9055,108121479,56.85,3.189959,6.45,42.98691962,10,1
140_Brazil Guyana_2001,1,3,2,0,1,1,0,6/27/2001,2001,0,89485845,1031007.944,9895.888212,34970492041,29382.5,347910044,43.55,7.8633194,6.78,47.88251243,1,1
141_Brazil Mexico_2002,1,3,2,0,1,1,0,7/3/2002,2002,0,140696883,1937705.419,14538.48375,1.23338E+11,110560.5,758271070,51.9,3.2535806,6.78,53.1010712,5,1
142_Brazil Peru_1993,1,3,2,0,1,1,0,12/31/1993,1993,1,90977378.5,888352.1615,7916.119786,25186308192,20970,268190756,47.6,2.1835878,6.78,49.39577039,2,1
143_Brazil Suriname_2005,1,3,2,0,1,1,0,4/21/2005,2005,0,93656777,1173434.754,14303.28997,,59763,365959520,48.2,1.7338935,6.95,47.0599826,0,1
146_Brunei Japan_2007,1,2,2,0,2,1,1,6/18/2007,2007,0,64189874,2520707.956,55114.43612,,360997.5,1310913398,64.95,,,53.68980175,34,2
147_Bulgaria Czech Republic_1995,1,3,2,,2,1,1,12/15/1995,1995,0,9366660,165392.0032,17072.77503,,13345,189531208,64,4.2688036,7.97,46.69135379,4,1
148_Bulgaria EC_1993,12,2,13,0,2,3,1,3/8/1993,1993,1,,,,,,,,,,,52,3
149_Bulgaria EFTA_1993,7,2,8,0,2,3,1,3/29/1993,1993,0,,,,,,,,,,,9,1
14_Albania Serbia_2004,1,3,2,0,2,1,1,11/13/2003,2003,0,5260103.5,50705.6317,8948.17928,,,60127039,52.1,,6.41,42.60711773,7,1
150_Bulgaria Estonia_2001,1,3,2,0,2,1,1,12/11/2001,2001,0,4698628.5,57766.66895,15064.9603,4389233885,4566.5,64803951,61.15,9.479181,7.96,46.05591485,11,1
152_Bulgaria Israel_2001,1,3,2,0,2,1,1,6/8/2001,2001,0,7224071,139021.115,20233.14152,22938774668,17083,111945426,61.4,5.731627,7.93,53.70865754,7,1
153_Bulgaria Latvia_2002,1,3,2,0,2,1,1,10/16/2002,2002,0,5073667,64719.38409,13606.396,4505640332,4009,53620705,59.3,5.5151944,7.37,46.29743344,8,1
154_Bulgaria Lithuania_2001,1,3,2,0,2,1,1,5/8/2001,2001,0,5739980,70440.18634,13016.64661,5171847885,4850.5,61515593,59.95,5.731627,7.31,46.44721371,10,1
155_Bulgaria Macedonia_1999,1,3,2,0,2,1,1,10/13/1999,1999,0,5113883,50898.03808,9879.459502,3357951220,2585,55101171,56.2,6.008429,6.53,,9,1
156_Bulgaria Moldova_2004,1,3,2,0,2,1,1,12/31/2004,2004,0,5306441.5,62614.23911,10209.4014,6021739511,5458.5,54139200,50.7,11.746239,6.53,51.24211533,9,1
157_Bulgaria Serbia_2003,1,3,2,0,2,1,1,12/31/2003,2003,0,7627959,89266.80556,11681.42225,,,106297216,56.1,,6.53,45.19648338,8,1
158_Bulgaria Slovakia_1995,1,3,2,,2,1,1,12/31/1995,1995,0,6884033,84293.37178,12492.80073,10038205376,6967.5,102053938,62.65,0.9138221,7.07,45.875918,4,1
159_Bulgaria Slovenia_1996,1,3,2,,2,1,1,12/31/1996,1996,0,5175727,72435.056,17153.07695,7942093591,6601,74459512,64.5,0.8865418,7.75,45.29373763,4,1
15_Albania Turkey_2006,1,3,2,0,2,1,1,12/22/2006,2006,0,36296940,681109.8953,14093.30964,,43162.5,286279035,45.8,3.6548514,6.41,46.73798041,6,1
160_Bulgaria Turkey_1998,1,3,2,0,2,1,1,7/11/1998,1998,0,35249495,520341.5476,13181.72269,,15590.5,265250188,49.8,3.5747142,6.53,49.32734606,6,1
161_Canada Chile_1996,1,2,2,0,2,1,1,12/5/1996,1996,0,22112850.5,631189.0026,24748.62211,1.27166E+11,109130,556422932,63.15,6.126705,8.88,51.09234924,76,5
162_Canada Colombia_2008,1,2,2,0,2,1,1,10/21/2008,2008,1,38531215.5,1021520.496,28820.0067,2.89034E+11,247048.5,643772628,61.95,4.515137,8.88,47.72983895,89,5
163_Canada Costa Rica_2001,1,2,2,0,2,1,1,4/23/2001,2001,0,17537062,674721.272,27176.0994,1.58566E+11,132439.5,564813567,61.75,3.8923361,8.88,50.96171579,48,4
164_Canada EFTA_2008,4,1,5,0,2,3,1,1/26/2008,2008,0,,,,,,,,,,,10,1
165_Canada Israel_1996,1,2,2,0,2,1,1,7/31/1996,1996,0,17651109,609762.208,31555.81083,1.3185E+11,111121.5,560132390,68.4,1.3982819,8.88,55.28767111,9,1
166_Canada Jordan_2009,1,2,2,0,2,1,1,6/28/2009,2009,1,20204694,784483.6217,27945.7554,2.01523E+11,161234.5,565476342,62.2,9.834179,8.88,55.48465637,59,5
168_Canada Peru_2008,1,2,2,0,2,1,1,5/29/2008,2008,1,31026651.5,900264.0046,27735.98405,2.84994E+11,243648.5,612107268,57.5,5.743357,8.88,50.60205551,88,5
172_Caribbean Community (CARICOM) Colombia_1994,91,3,14,0,1,3,0,7/24/1994,1994,1,,,,,,,,,,,7,1
173_Caribbean Community (CARICOM) Costa Rica_2004,105,3,15,0,1,3,0,3/9/2004,2004,0,,,,,,,,,,,10,1
174_Caribbean Community (CARICOM) Cuba_2000,105,3,15,0,1,3,0,7/5/2000,2000,0,,,,,,,,,,,8,1
175_Caribbean Community (CARICOM) Dominican Republic_1998,105,3,15,0,1,3,0,8/22/1998,1998,0,,,,,,,,,,,2,1
176_Caribbean Community (CARICOM) Protocol on Services_1997,91,3,14,0,4,2,1,6/24/1997,1997,0,,,,,,,,,,,1,1
177_Caribbean Community (CARICOM) revised _2001,91,3,14,0,3,2,0,6/5/2001,2001,1,,,,,,,,,,,53,4
178_Caribbean Community (CARICOM) Venezuela_1992,78,3,14,0,1,3,0,10/13/1992,1992,0,,,,,,,,,,,1,1
17_Algeria EC Euro-Med Association Agreement_2002,15,2,16,0,2,3,1,4/12/2002,2002,0,,,,,,,,,,,26,2
181_CARIFORUM EC EPA_2008,378,2,41,0,2,4,1,10/15/2008,2008,1,,,,,,,,,,,84,4
183_Central America Chile_1999,5,3,6,0,1,3,0,11/18/1999,1999,0,7973335.5,70412.95373,7891.343839,6332758069,5358.333333,89541130,43.28333333,11.591914,8.29,51.20696626,22,2
184_Central America Dominican Republic_1998,5,3,6,0,2,2,0,4/16/1998,1998,0,6719655.667,44492.19634,6837.050887,4036496878,3172,45596176,41.78333333,10.082449,8.29,51.254922,25,2
185_Central America Panama_2002,5,3,6,0,2,3,1,3/6/2002,2002,0,6280220,44417.94808,8071.093356,4636030167,2987.833333,38793128,41.95,4.362027,8.29,50.39735815,28,2
187_Central American Free Trade Agreement (CAFTA)_2004,15,2,6,0,2,2,0,5/28/2004,2004,1,54757581.83,2625266.494,14734.35056,2.00126E+11,139236.6667,6148502792,45.61666667,6.676064,8.29,52.02132668,75,6
188_Agreement Secretariat Environmental Matters FTA_2006,21,2,6,0,2,3,1,12/31/2006,2006,0,49223575.57,2409153.193,14892.6183,2.15803E+11,151102.4286,6109815306,45.71428571,7.9285045,8.29,52.08107193,8,2
188_Central American Free Trade Agreement (CAFTA) Dominican Republic_2004,21,2,7,0,2,3,1,8/5/2004,2004,1,48226945.43,2262451.36,13991.41481,1.72849E+11,120193.7143,6165835984,45.71428571,6.676064,8.29,52.08107193,88,6
188_understanding establishment secretariat environmental matters CAFTA-DR_2005,21,2,7,1,,3,0,12/31/2005,2005,0,48714664.86,2342096.868,14411.55196,1.9118E+11,132822,6186358869,45.71428571,7.6284356,8.29,52.08107193,3,2
18_Algeria Jordan_1997,1,3,2,0,2,1,0,5/19/1997,1997,0,17104848,140193.0331,8184.907656,9229162313,7865,102443473,49.1,4.981216,3.66,61.04941951,1,1
190_Central American Integration System_1991,15,3,6,0,5,2,0,12/13/1991,1991,0,5003919.667,28945.53138,6520.855689,1908087654,827.8333333,19011546,41.95,2.8210561,8.29,50.39735815,3,1
192+1_Central European Free Trade Agreement (CEFTA) Slovenia accession_1995,4,3,5,0,2,5,1,11/25/1995,1995,0,13320617.4,201088.309,17441.48118,,14798.2,615337085,67.18,10.348048,7.97,45.66479119,0,1
192+2_Central European Free Trade Agreement (CEFTA) Romania accession_1997,5,3,6,0,2,5,1,4/12/1997,1997,0,14861250.33,227990.9587,17661.03955,,15608,738650671,66.76666667,8.804211,7.97,45.43361068,0,1
192+3_Central European Free Trade Agreement (CEFTA) Bulgaria accession_1998,6,3,7,0,2,5,1,12/31/1998,1998,0,13908671.29,212607.9479,17047.31427,,15637.42857,743840032,65.37142857,6.69651,7.97,45.63950378,0,1
192+4_Central European Free Trade Agreement (CEFTA) Croatia accession_2002,7,3,8,0,2,5,1,12/5/2002,2002,0,12478395.13,220720.7631,19604.21978,,20428.625,715005955,65.0875,11.933996,7.97,45.37744752,0,1
192_Central European Free Trade Agreement (CEFTA)_1992,6,3,4,0,2,2,,12/21/1992,1992,0,16089286.75,214192.0252,14904.63828,,,621451260,65.975,,7.97,46.15283578,4,1
193_Central European Free Trade Agreement (CEFTA)_2006,45,3,10,0,2,2,1,12/19/2006,2006,0,5482389.9,84219.61615,13215.6509,,,,,,,,8,1
199_Chile China_2005,1,3,2,0,2,1,1,11/18/2005,2005,0,659947655.5,3623246.737,11677.10595,4.11239E+11,401610,5943270496,46.3,6.1018515,8.22,52.63742808,30,2
1_Afghanistan India_2003,1,3,2,0,1,1,1,3/6/2003,2003,0,570030126.5,1629841.82,2066.481849,,29553.5,1060719152,26.55,1.2784933,7.04,58.54522637,2,1
200_Chile Colombia_1993,1,3,2,0,1,1,0,12/6/1993,1993,0,24306560.5,237387.4144,10159.59164,11426243738,8157.5,97435654,54.1,2.0985088,8.22,48.78929866,1,1
201_Chile Colombia_2006,1,3,2,0,2,1,1,11/27/2006,2006,1,29553742.5,385993.9031,14824.9857,48083291337,41535.5,126356268,54.1,4.931108,8.22,48.78929866,52,4
202_Chile EC_2002,15,2,16,0,2,3,1,11/18/2002,2002,1,,,,,,,,,,,39,4
203_Chile Ecuador_1994,1,3,2,0,1,1,0,12/20/1994,1994,0,12779163,131077.4225,10147.74819,10130881446,7712,52281706,53.15,4.5301113,8.22,48.75470395,1,1
204_Chile Ecuador_2008,1,3,2,0,1,1,0,3/10/2008,2008,0,15579129.5,242906.3044,15204.96794,47527208244,41664,100866970,53.15,10.268848,8.22,48.75470395,11,1
205_Chile_EFTA_2003,4,2,5,0,2,3,1,5/26/2003,2003,0,,,,,,,,,,,16,1
206_Chile India_2006,1,3,2,0,1,1,1,3/8/2006,2006,0,594354181.5,2188100.29,11222.73547,1.33728E+11,90244,1356536504,41.45,4.931108,8.22,54.78515347,7,1
207_Chile Japan_2007,1,2,2,0,2,1,1,3/27/2007,2007,0,72248269,2670004.251,29426.39154,4.34839E+11,391149.5,1373313130,65.2,7.8118596,8.33,56.90917129,14,1
208_Chile Korea_2003,1,3,2,0,2,1,1,2/15/2003,2003,0,31875721,757796.4776,21251.97725,1.23731E+11,107740.5,540312996,60.9,5.2639065,8.22,48.95390605,39,2
209_Chile MERCOSUR_1996,4,3,5,0,2,3,0,6/25/1996,1996,0,,,,,,,,,,,7,1
20_Algeria Tunisia_2008,1,3,2,0,1,1,0,12/4/2008,2008,0,22624986,241283.58,10563.61916,53500153422,49309,136628202,45.75,5.797386,5.51,61.1197074,3,1
210_Chile MERCOSUR Protocol on Services_2009,4,3,5,0,4,3,0,5/26/2009,2009,0,,,,,,,,,,,2,1
211_Chile Mexico_1991,1,3,2,0,1,1,0,9/22/1991,1991,0,48456770,711638.85,12403.24781,31651138705,25815,361024960,53.95,2.1737988,8.22,55.36681603,3,1
212_Chile Mexico_1998,1,3,2,0,2,1,1,12/31/1998,1998,0,54882013,928787.7814,15901.59164,75053144301,66891.5,438566126,53.95,5.644368,8.22,55.36681603,35,2
213_Chile Panama_2006,1,3,2,0,2,1,1,6/26/2006,2006,0,9851574,184505.7676,18173.86857,39743971710,33357,71575944,51.3,16.22949,8.22,49.72298462,12,1
215_Chile Peru_1998,1,3,2,0,2,1,0,6/22/1998,1998,0,20407484,192099.9652,10560.43676,14110989889,11040,85320638,49.65,5.644368,8.22,51.66151522,11,1
216_Chile Turkey_2009,1,3,2,0,2,1,1,7/14/2009,2009,1,44436326.5,839022.7557,19254.49391,,78803,382372124,48.95,8.065721,8.22,51.96581933,36,3
218_Chile US_2003,1,2,2,0,2,1,1,6/6/2003,2003,1,152983522.5,7598434.036,33862.92088,5.30995E+11,373217.5,6065245496,62.3,5.2639065,8.22,54.59489021,75,5
219_Chile Venezuela_1993,1,3,2,0,1,1,0,12/31/1993,1993,0,17585243,253640.806,13963.99811,,11942.5,158064180,52.8,2.0985088,8.22,50.16338852,1,1
220_China Hong Kong_2003,1,3,2,0,2,1,1,6/29/2003,2003,0,647565400,2962515.161,21143.6462,,333468,4884321030,,11.504968,5.28,,5,1
221_China Macao_2003,1,3,2,0,2,1,1,10/17/2003,2003,0,644431266.5,2848665.58,31871.88132,,220404.5,4842650252,,,,,5,1
222_China_New_Zealand_2008,1,2,2,0,2,1,1,4/7/2008,2008,0,664457400,4987055.871,21853.69247,7.70293E+11,730636.5,7539006388,54.3,3.7336106,9.61,46.69196943,53,4
224_China Pakistan_2006,1,3,2,0,2,1,1,11/24/2006,2006,0,744544992,4236376.028,4919.910377,5.05564E+11,492954,6637888720,35.2,4.5086007,4.13,57.35529037,12,1
225_China Pakistan Services_2009,1,3,2,0,4,1,1,1/21/2009,2009,0,760691611,5718276.29,6011.992822,6.41752E+11,609567.5,8046508260,35.2,2.5688944,4.13,57.35529037,1,1
227_China Peru_2009,1,3,2,0,2,1,1,4/28/2009,2009,1,680134663,5506051.928,8717.983701,6.47305E+11,614469.5,7930600640,40.65,5.3223753,5.92,52.14713435,47,4
228_China Singapore_2008,1,3,2,0,2,1,1,10/23/2008,2008,0,664747198,5083077.887,39522.00055,9.70625E+11,884434.5,7548203010,47.7,7.023286,6.22,49.678744,13,1
22_Andean Community Brazil_1999,4,3,5,0,1,3,0,8/16/1999,1999,0,,,,,,,,,,,6,1
233_Colombia Cuba_2000,1,3,2,0,1,1,0,9/14/2000,2000,0,25160463,258261.2069,11498.63211,10107078858,7359.5,82366856,50.65,,6.72,54.81823993,4,1
234_Colombia EFTA_2008,4,2,5,0,2,3,1,11/25/2008,2008,0,,,,,,,,,,,42,2
239_Colombia Northern Triangle_2007,3,3,4,0,1,3,0,8/9/2007,2007,0,17688048,168414.7389,7677.440936,13393720221,11672,87698399.5,41.4,9.114347,6.72,49.27757602,25,2
23_Andean Community Trujillo Protocol_1996,10,3,5,0,3,2,0,3/10/1996,1996,0,,,,,,,,,,,0,1
240_Colombia Panama_1993,1,3,2,0,1,1,0,12/31/1993,1993,0,18611117,175375.2079,10818.09065,7859881591,3834.5,67122750,50.1,2.0153518,6.91,46.36047433,1,1
241_Colombia US_2006,1,2,2,0,2,1,1,11/22/2006,2006,1,170576411,8482194.951,33000.04541,7.49427E+11,525179,6114990364,61.1,4.172385,7.85,51.23237993,101,6
242_Common Economic Zone_2003,6,3,4,0,2,2,1,9/19/2003,2003,0,54291833.75,824234.0736,12702.04761,51392105072,45467.25,2075206484,49.425,8.0537,5.42,49.08137041,0,1
243_Common Market for Eastern and Southern Africa (COMESA)_1993,253,3,23,0,2,2,1,11/5/1993,1993,1,,,,,,,,,,,63,4
244_Commonwealth of Independent States (CIS)_1994,66,3,12,0,2,2,1,12/31/1994,1994,0,25288368.18,1877676.678,7349.727987,,8036,2491378353,45.86363636,,6.23,49.83290911,6,1
248_Costa Rica Mexico_1994,1,3,2,0,2,1,1,4/5/1994,1994,0,45901788,746580.679,13514.36943,37199648549,31880,357042950,52.55,2.8378568,8.29,55.23618258,37,3
24_Andean Countries Argentina_2000,4,3,5,0,1,3,0,8/1/2000,2000,0,,,,,,,,,,,6,1
25+1_Andean Countries MERCOSUR Venezuela accession_2006,10,3,5,0,1,6,,12/31/2006,2006,0,,,,,,,,,,,0,1
252_Cote d'Ivoire EC EPA_2009,27,2,28,0,2,3,1,11/26/2008,2008,1,,,,,,,,,,,17,3
253_Cotonou Agreement_2000,1140,2,91,0,1,4,0,6/23/2000,2000,1,,,,,,,,,,,48,4
254_Croatia EC_2001,15,2,16,0,1,3,0,10/29/2001,2001,0,,,,,,,,,,,4,1
255_Croatia EFTA_2001,4,2,5,0,2,3,1,6/21/2001,2001,0,,,,,,,,,,,8,1
257_Croatia Lithuania_2002,1,3,2,0,2,1,0,12/31/2002,2002,0,3872620.5,72140.45357,18369.38345,8176050507,5190.5,34553327,63,4.6339455,7.31,44.78130933,6,1
258_Croatia Macedonia_1997,1,3,2,0,2,1,1,5/9/1997,1997,0,3265894.5,48345.48443,13217.9891,4212206993,2609,27002048,59.25,2.4677298,6.5,,5,1
259_Croatia Macedonia (amended)_2002,1,3,2,0,2,1,0,5/9/1997,2002,0,3161165.5,54658.78787,15362.89225,5324644694,3011,29721040,59.25,3.6654892,6.5,,5,1
25_Andean Countries MERCOSUR_2004,12,3,7,0,1,4,0,10/18/2004,2004,0,,,,,,,,,,,7,1
260_Croatia Moldova_2004,1,3,2,0,2,1,1,12/31/2004,2004,0,3600311.5,58656.27269,14724.4967,8310021422,4506.5,27498284,53.75,5.81199,6.5,49.57621096,5,1
261_Croatia Serbia Montenegro_2002,1,3,2,0,2,1,1,12/31/2002,2002,0,5899348,82467.21835,15411.80828,,,74117166,59.15,,6.5,43.530579,4,1
262_Croatia Slovenia_1997,1,3,2,0,2,1,1,12/12/1997,1997,0,3260438,62494.76451,20367.76711,8690261566,6176.5,35063551,67.55,2.4677298,7.75,43.62783325,6,1
263_Croatia Turkey_2002,1,3,2,0,2,1,1,3/13/2002,2002,0,35145418.5,538042.6732,17927.42445,,20482.5,243112948,52.85,3.6654892,6.5,47.66144168,5,1
265_Cuba Ecuador_2000,1,3,2,0,1,1,0,5/10/2000,2000,0,11866149,128909.5486,11014.65109,5103579565,3301.5,46702792,49.7,,5.69,54.78364522,3,1
266_Cuba Guatemala_1999,1,3,2,0,1,1,0,1/29/1999,1999,0,11190586,109096.7602,9776.517454,3802450175,1995,33272933,40.1,,4.68,56.28207517,1,1
267_Cuba Mercosur_2006,4,3,5,0,1,3,0,7/21/2006,2006,0,49683024,714174.564,15448.67474,46820192254,38949.4,580404869,49.46,,8.91,51.5956632,6,1
269_Cuba Mexico_2000,1,3,2,0,1,1,0,10/17/2000,2000,0,54489616.5,959345.4784,15847.40837,92087777659,84021.5,417500496,50.5,,5.25,61.3957573,3,1
270_Cuba Paraguay_2000,1,3,2,0,1,1,0,11/20/2000,2000,0,8114805,99542.01213,11148.57646,4078079522,1938,29381628,47.4,,5.89,56.37626027,7,1
273_Cuba Peru_2000,1,3,2,0,1,1,0,10/5/2000,2000,0,18880115,162023.1418,10137.22671,6497826458,4315.5,54453022,46.2,,5.92,57.69045649,3,1
275_Cuba Uruguay_1999,1,3,2,0,1,1,0,12/23/1999,1999,0,7174528.5,97275.6795,13974.36342,3872256420,1866.5,31149326,48.75,,8.91,53.66656469,3,1
277_Cuba Venezuela_1999,1,3,2,0,1,1,0,8/27/1999,1999,0,17518527,250694.9949,14059.37866,,11229.5,167516818,49.35,,2.65,56.1923298,3,1
279_Czech and Slovak Republic EFTA_1992,8,2,9,0,2,3,1,3/20/1992,1992,0,,,,,,,,,,,5,1
280_Czech Republic EC_1993,12,2,13,0,2,3,1,12/16/1991,1993,0,,,,,,,,,,,17,2
282_Czech Republic Estonia_1996,1,3,2,0,2,1,1,4/19/1996,1996,0,5865417.5,132235.1741,18682.27828,,12121.5,154061750,68.15,3.465317,7.97,45.87240624,6,1
283_Czech Republic Israel_1996,1,3,2,0,2,1,1,5/20/1996,1996,0,8003620.5,199866.026,25458.59344,,21387.5,186954420,68.4,2.1298802,7.97,53.52514893,4,1
284_Czech Republic Latvia_1996,1,3,2,0,2,1,1,4/15/1996,1996,0,6386231.5,134859.2647,16869.56808,,11804,144231345,66.3,5.545409,7.97,46.11392483,6,1
285_Czech Republic Lithuania_1995,1,3,2,0,2,1,1,10/14/1996,1995,0,6978177.5,136943.6558,16717.588,,12020,146679563,66.95,4.2688036,7.97,46.2637051,4,1
286_Czech Republic Romania_1994,1,3,2,,2,1,1,10/24/1994,1994,0,16531899,240266.8177,16398.12909,,11045.5,253572690,67.85,1.8353772,7.97,45.39277666,0,1
287_Czech Republic Slovakia_1992,1,3,2,0,3,1,1,10/29/1992,1992,0,7812069.5,139097.9917,16398.24213,,,194592640,69.65,,7.97,45.69240939,3,1
288_Czech Republic Slovenia_1993,1,3,2,0,2,1,1,12/1/1993,1993,0,6160800.5,126876.7957,20216.52051,,10274,154370254,71.5,,7.97,45.11022902,4,1
289_Czech Republic Turkey_1997,1,3,2,0,2,1,1,10/3/1997,1997,0,35790778.5,583240.7182,19478.20978,,24310,343049830,56.8,2.0689764,7.97,49.14383745,5,1
291_D8 PTA_2006,28,3,8,0,1,2,0,5/13/2006,2006,0,118105272.8,832433.3149,9786.660992,,66376.125,1749622860,39.0875,9.348567,7.3,53.26800529,5,1
300_EC Amsterdam_1997,105,1,15,0,3,2,0,12/31/1997,1997,1,,,,,,,,,,,39,4
304_EC Egypt Euro-Med Association Agreement_2001,15,2,16,0,2,3,1,6/25/2001,2001,0,,,,,,,,,,,21,3
305_EC Estonia_1994,12,2,16,0,2,3,1,6/1/1993,1994,0,,,,,,,,,,,2,1
306_EC Estonia Europe Agreement_1995,15,2,16,0,2,3,0,6/12/1995,1995,1,,,,,,,,,,,50,4
307_EC Faroe Islands_1996,15,2,16,0,2,3,1,12/6/1996,1996,0,,,,,,,,,,,2,1
308_EC Faroe Islands_1991,12,1,13,0,2,3,1,1/1/1992,1991,0,,,,,,,,,,,2,1
312_EC Hungary_1991,12,2,13,0,2,3,1,12/16/1991,1991,1,,,,,,,,,,,43,4
316_EC Israel Euro-Med Association Agreement_1995,15,2,16,0,2,3,1,11/20/1995,1995,0,,,,,,,,,,,17,2
318_EC Jordan Euro-Med Association Agreement_1997,15,2,16,0,2,3,1,11/24/1997,1997,0,,,,,,,,,,,16,2
319_EC Latvia_1994,12,2,16,0,2,3,1,6/1/1994,1994,0,,,,,,,,,,,2,1
320_EC Latvia Europe Agreement_1995,15,2,16,0,2,3,0,6/12/1995,1995,1,,,,,,,,,,,57,4
322_EC Lebanon_1977,9,2,10,0,1,3,1,5/3/1997,1977,0,,,,,,,,,,,2,1
323_EC Lebanon Euro-Med Association Agreement_2002,15,2,16,0,2,3,0,6/17/2002,2002,0,,,,,,,,,,,26,2
324_EC Lisbon_2007,351,1,27,0,3,2,0,12/31/2007,2007,1,,,,,,,,,,,17,3
325_EC Lithuania_1994,12,2,16,0,2,3,1,7/18/1994,1994,0,,,,,,,,,,,2,1
326_EC Lithuania Europe Agreement_1995,15,2,16,0,2,3,0,6/12/1995,1995,1,,,,,,,,,,,52,4
327+1_EC Maastricht (15) Enlargement_1994,36,1,15,0,3,5,1,6/25/1994,1994,0,,,,,,,,,,,34,3
327_EC Maastricht_1992,66,1,12,0,3,2,0,2/7/1992,1992,1,28976047.42,997378.7124,36529.25785,1.54634E+11,,3191766920,75.50833333,,9.28,48.03646352,30,3
328_EC Macedonia SAA_2001,15,2,16,0,2,3,0,4/9/2001,2001,1,,,,,,,,,,,36,2
330_EC Mexico_2000,15,2,16,0,2,3,1,3/23/2000,2000,0,,,,,,,,,,,6,1
331_EC Montenegro SAA_2007,27,2,28,0,2,3,0,10/15/2007,2007,1,,,,,,,,,,,35,2
334_EC Morocco Euro-Med Association Agreement_1996,15,2,16,0,2,3,1,2/26/1996,1996,0,,,,,,,,,,,13,3
335+1_EC Nice (25) Enlargement_2003,150,2,25,0,3,5,1,12/31/2003,2003,0,,,,,,,,,,,0,1
335+2_EC Nice (27) Enlargement_2005,50,2,27,0,3,5,1,12/31/2005,2005,0,,,,,,,,,,,13,3
335+3_EC (28) Enlargement_2011,27,2,28,0,3,5,,12/31/2011,2011,0,,,,,,,,,,,10,3
335_EC Nice_2001,105,1,15,0,3,2,0,2/26/2001,2001,1,,,,,,,,,,,37,4
337_EC Poland_1991,12,2,13,0,2,3,1,12/16/1991,1991,1,,,,,,,,,,,37,4
340_EC Romania_1993,12,2,13,0,2,3,1,2/1/1993,1993,1,,,,,,,,,,,45,3
341_EC San Marino_1991,12,1,13,0,3,3,1,12/16/1991,1991,0,,,,,,,,,,,7,1
342_EC Serbia SAA_2008,27,2,28,0,2,3,0,4/29/2008,2008,1,,,,,,,,,,,32,2
344_EC Slovakia_1993,12,2,13,0,2,3,1,4/5/1993,1993,1,,,,,,,,,,,43,4
345_EC Slovenia_1993,12,2,13,0,1,3,1,4/5/1993,1993,0,,,,,,,,,,,4,1
346_EC Slovenia Europe Agreement_1996,15,2,16,0,2,3,0,6/10/1996,1996,1,,,,,,,,,,,50,3
347_EC South Africa_1999,15,2,16,0,2,3,1,10/11/1999,1999,1,,,,,,,,,,,37,4
34_Argentina Brazil_1990,1,3,2,0,1,1,0,12/20/1990,1990,0,91672051.5,1014507.723,12332.90637,26379870384,21883.5,330737090,51.7,1.298879,6.85,51.05117879,3,1
354_EC Tunisia Euro-Med Association Agreement_1995,15,2,16,0,2,3,1,7/17/1995,1995,0,,,,,,,,,,,13,3
355_EC Turkey_1995,15,2,16,0,3,3,1,12/22/1995,1995,0,,,,,,,,,,,3,1
35_Argentina Chile_1991,1,3,2,0,1,1,0,8/2/1991,1991,0,23333854,317164.4974,12457.06035,13201953700,10460,148397550,53.75,2.1737988,8.22,53.31692362,1,1
360_Economic and Monetary Community of Central Africa (CEMAC)_1994,15,3,6,0,3,2,1,3/16/1994,1994,0,4488754.5,12740.10522,4807.783465,,859.3333333,14579244,35.31666667,16.859478,3.4,50.98184579,17,2
361_Economic and Monetary Community of Central Africa (CEMAC) revised_2008,15,3,6,0,3,2,0,6/25/2008,2008,0,6837921.5,26664.30302,11025.24527,,7252.333333,23948817,35.31666667,16.721003,3.4,50.98184579,0,1
367_Economic Community Of West African States (ECOWAS)_1993,120,3,15,0,3,2,1,7/24/1993,1993,0,12702578.4,33542.04638,2121.053905,,1102.8,63040162.97,29.26,,7.65,55.03344482,17,2
370_Economic Cooperation Organization (ECO) Preferences_1991,3,3,3,0,1,2,1,5/23/1991,1991,0,77505208,516987.095,8250.705827,,12928,447437340,41.23333333,,4.35,57.90170436,0,1
371_Economic Cooperation Organization Trade Agreement (ECOTA)_2003,45,3,10,0,1,2,0,7/17/2003,2003,0,38952938.5,272789.3765,6366.770264,,11679.6,1147543650,40.66,55.072876,4.35,56.11764331,5,1
372_Ecuador Mexico_1993,1,3,2,0,1,1,0,5/31/1993,1993,0,48890638,739565.1332,12028.2449,32645544465,27395,362155726,51.8,2.5013309,5.69,51.96971103,1,1
373_Ecuador Paraguay_1994,1,3,2,0,1,1,0,9/15/1994,1994,0,7921476.5,68645.04089,8702.627992,4696218511,2831.5,17711124,48.7,2.537929,5.89,46.950214,1,1
374_Ecuador Uruguay_1994,1,3,2,0,1,1,0,5/1/1994,1994,0,7268798.5,69211.66668,10900.88329,4029723360,2866.5,18337242,50.05,2.537929,8.91,44.24051842,1,1
375+2_EFTA Annex H_1996,6,1,4,,,2,,12/31/1996,1996,0,,,,,,,,,,,2,1
376_EFTA Egypt_2007,4,2,5,0,2,3,1,1/27/2007,2007,0,,,,,,,,,,,17,2
377_EFTA Estonia_1995,4,2,5,0,2,3,1,12/7/1995,1995,0,,,,,,,,,,,11,1
379_EFTA GCC_2009,24,2,10,0,2,4,1,6/22/2009,2009,0,,,,,,,,,,,15,1
380_EFTA Hungary_1993,7,2,8,0,2,3,1,3/29/1993,1993,0,,,,,,,,,,,11,1
382_EFTA Israel_1992,7,2,8,0,2,3,1,9/17/1992,1992,0,,,,,,,,,,,5,1
383_EFTA Jordan_2001,4,2,5,0,2,3,1,6/21/2001,2001,0,,,,,,,,,,,10,1
384_EFTA Korea_2005,4,2,5,0,2,3,1,12/15/2005,2005,0,,,,,,,,,,,23,2
385_EFTA Latvia_1995,4,2,5,0,2,3,1,12/7/1995,1995,0,,,,,,,,,,,14,1
386_EFTA Lebanon_2004,4,2,5,0,2,3,1,6/24/2004,2004,0,,,,,,,,,,,10,1
388_EFTA Lithuania_1995,4,2,5,0,2,3,1,12/7/1995,1995,0,,,,,,,,,,,7,1
389_EFTA Macedonia_2000,4,2,5,0,2,3,1,6/19/2000,2000,0,,,,,,,,,,,10,1
390_EFTA Mexico_2000,4,2,5,0,2,3,1,11/27/2000,2000,0,,,,,,,,,,,15,1
391_EFTA Morocco_1997,4,2,5,0,2,3,1,6/19/1997,1997,0,,,,,,,,,,,14,1
392_EFTA Poland_1992,7,2,8,0,2,3,1,12/10/1992,1992,0,,,,,,,,,,,10,1
393_EFTA Romania_1992,7,2,8,0,2,3,1,12/10/1992,1992,0,,,,,,,,,,,5,1
394_EFTA Serbia_2009,4,2,5,0,2,3,1,12/17/2009,2009,0,,,,,,,,,,,14,1
395_EFTA services_2001,6,1,4,0,4,2,1,6/21/2001,2001,0,,,,,,,,,,,31,3
396_EFTA Singapore_2002,4,2,5,0,2,3,1,6/24/2002,2002,0,,,,,,,,,,,17,3
398_EFTA Slovenia_1995,4,2,5,0,2,3,1,12/13/1995,1995,0,,,,,,,,,,,11,1
399_EFTA Southern African Customs Union (SACU)_2006,20,2,9,0,2,4,1,7/1/2006,2006,0,,,,,,,,,,,19,2
39_Argentina Cuba_1999,1,3,2,0,1,1,0,12/30/1999,1999,0,23861562.5,418866.3302,16055.10682,15992900000,12414.5,172140658,50.3,,6.85,59.34586489,1,1
3_African Economic Community_1991,1275,3,51,0,3,2,0,6/3/1991,1991,0,,,,,,,,,,,21,2
401_EFTA Tunisia_2004,4,2,5,0,2,3,1,12/17/2004,2004,0,,,,,,,,,,,20,2
402_EFTA Turkey_1991,7,2,8,0,2,3,1,12/10/1991,1991,0,,,,,,,,,,,7,1
404_Egypt Jordan_1998,1,3,2,0,2,1,0,12/10/1998,1998,0,36645207,307178.6694,8517.213031,8649368702,2466,139278787,48.35,3.9181433,3.17,61.33921638,2,1
405_Egypt Jordan_1996,1,3,2,0,2,1,0,5/8/1996,1996,0,35086935.5,276673.8441,8156.89412,8848103228,2675.5,111776268,48.35,0.940415,3.17,61.33921638,2,1
410_Egypt Morocco_1998,1,3,2,0,1,1,0,12/31/1998,1998,0,48118918,348204.2026,6523.58819,11769328491,5141.5,155906876,42.8,1.268437,5.04,60.22490051,1,1
412_Egypt PLO_1998,1,3,2,0,5,1,0,12/31/1998,1998,0,,,,,,,,,3.86,,0,1
413_Egypt Syria_1991,1,3,2,0,1,1,0,12/31/1991,1991,0,35696656.5,223859.0457,4771.436743,8521589530,3544,119496662,,0.67669064,2.93,60.66837385,0,1
415_Egypt Turkey_2005,1,3,2,0,2,1,1,12/27/2005,2005,0,73890012.5,1009051.216,14288.8492,,43194,433087470,42.95,5.999509,4.35,56.76091963,6,1
416_El Salvador Honduras Taiwan_2007,3,3,3,0,2,2,1,5/17/2007,2007,1,,,,,,,,,,,48,3
41_Argentina Ecuador_1993,1,3,2,0,1,1,0,5/13/1993,1993,0,22580034.5,340126.635,12859.49522,10075924291,8011,141866016,51.6,2.5013309,6.85,49.91981862,1,1
424_Estonia Faroe Islands_1997,1,2,2,0,2,1,1,11/6/1997,1997,0,722015,,,,,19272786,,,,,5,1
425_Estonia Finland_1992,1,2,2,0,2,1,1,2/13/1992,1992,0,3287541.5,84624.14526,21262.96734,,12212.5,78686038,72.1,,9.29,43.35534231,2,1
426_Estonia Hungary_1998,1,3,2,0,2,1,1,12/31/1998,1998,0,5826363,104288.3624,17238.6987,14979334627,13125,78253626,64.5,10.496642,7.96,45.46723299,7,1
427_Estonia Norway_1992,1,2,2,0,2,1,1,6/15/1992,1992,0,2909746,103447.5671,28268.02469,,17794.5,58815038,71.5,,9.81,43.72527807,0,1
428_Estonia Slovakia_1996,1,3,2,0,2,1,1,12/31/1996,1996,0,3394477.5,48536.75297,14038.05296,8348928399,5454,63069212,66.8,3.465317,7.96,45.05697046,5,1
429_Estonia Slovenia_1996,1,3,2,0,2,1,1,11/26/1996,1996,0,1702111,31774.32953,17936.15922,6427158345,5195,35042492,68.65,3.465317,7.96,44.47479009,7,1
430_Estonia Sweden_1991,1,2,2,0,2,1,1,10/28/1991,1991,0,5089344.5,157877.4662,24364.16493,,,91886800,72,,9.39,43.41513401,0,1
431_Estonia Switzerland_1992,1,2,2,0,2,1,1,12/21/1992,1992,0,4204227.5,198313.1047,33844.95696,,33061,70439594,73.4,,9.14,46.01376901,4,1
432_Estonia Turkey_1997,1,3,2,0,2,1,1,12/31/1997,1997,0,31338480.5,472135.6279,15410.63341,,14598,230791092,53.95,5.3167877,7.96,48.50839851,3,1
433_Estonia Ukraine_1995,1,3,2,0,2,1,1,5/24/1995,1995,0,26474717,212821.2796,10334.00844,12831676348,7484,408133450,57.4,4.5926895,7.96,45.50913323,4,1
434_Eurasian Economic Community (EAEC)_1999,10,3,5,0,3,2,0,2/26/1999,1999,0,36639970.6,436931.8141,6865.385513,20053289299,17697,1678569236,45.24,9.406776,3.62,50.49609596,2,1
437_European Economic Area (EEA)_1992,72,1,18,0,2,4,1,5/2/1992,1992,1,,,,,,,,,,,43,4
438_Faroe Islands Iceland_1992,1,1,2,0,2,1,1,8/6/1992,1992,0,153531,,,,,2898694,,,,,3,1
439_Faroe Islands Iceland_2005,1,2,2,0,2,1,1,8/31/2005,2005,0,172512.5,,,,,3700284,,,,,2,1
440_Faroe Islands Norway_1992,1,1,2,0,2,1,1,8/28/1992,1992,0,2166203,,,,,35042528,,,,,4,1
441_Faroe Islands Poland_1998,1,2,2,0,2,1,1,11/3/1998,1998,0,19354173,,,,,339699280,,,,,4,1
443_Faroe Islands Switzerland_1992,1,1,2,0,2,1,1,12/31/1994,1992,0,3460684.5,,,,,46667084,,,,,4,1
448_Finland Latvia_1992,1,2,2,0,2,1,1,2/13/1992,1992,0,3828165,88218.40726,19975.938,,12379.5,68459646,70.25,,9.29,43.5968609,4,1
449_Finland Lithuania_1992,1,2,2,0,2,1,1,6/5/1992,1992,0,4371053,96575.50054,20723.58473,,13005,75433442,70.9,,9.29,43.74664117,2,1
454_Georgia Kazakhstan_1997,1,3,2,0,2,1,1,11/11/1997,1997,0,9842159,78411.69127,6642.37087,4143823402,3368.5,150851643,43,6.9078083,5.2,49.36352301,3,1
455_Georgia Russia_1994,1,3,2,0,2,1,1,2/3/1994,1994,0,76621994,1040005.209,8480.679981,55559743193,33767,1653732344,45.9,0.31820902,5.2,44.10961458,4,1
456_Georgia Turkey_2007,1,3,2,0,2,1,1,11/21/2007,2007,0,37009135,719283.4105,14639.55453,,54252,320055027,41.95,18.5993,5.2,45.81236697,7,1
457_Georgia Turkmenistan_1996,1,3,2,0,2,1,1,4/20/1996,1996,0,4396396,17352.28031,3958.183698,1093273446,947,35708014,42.6,,5.2,48.70235001,4,1
458_Georgia Ukraine_1995,1,3,2,0,2,1,1,1/9/1995,1995,0,28085261,211209.387,5575.429456,11691398109,6639.5,392362416,45.4,,5.42,42.81310169,6,1
462_Greater Arab Free Trade Agreement_1997,153,3,18,0,2,2,1,2/19/1997,1997,0,,,,,,,,,,,2,1
464+1_Group of three_2011,1,3,2,0,,2,0,12/31/2011,2011,0,79729690,1344900.497,15439.85515,2.15477E+11,203242,559628910,52.75,4.3726954,6.72,52.00430574,0,1
464_Group of Three_1994,3,3,3,0,2,2,1,6/13/1994,1994,0,48416906,710976.0083,13816.29528,,28483.33333,538645816,51.93333333,1.9819614,6.72,50.72785986,37,3
465_Group of Three Auto Agreement_2004,3,3,3,1,1,2,0,12/7/2004,2004,0,57273669.33,881612.8479,14046.78412,,81290.66667,636213196,51.93333333,3.0682104,6.72,50.72785986,0,1
466_GUAM GUUAM Organization for Democracy and Economic Development_2002,6,3,4,0,2,2,0,12/31/2002,2002,0,15816080,125091.1644,6225.563531,6640431071,5278.5,331871261,45.425,32.4655,6.23,48.40026317,7,1
468_Guatemala Mexico_1999,1,3,2,0,1,1,0,6/29/2000,1999,0,53822944,877059.6413,11836.38684,75667351185,69442.5,395076095,42.2,5.0473804,5.25,53.46814098,8,1
470_Guatemala Taiwan_2005,1,3,2,0,2,1,0,9/22/2005,2005,1,,,,,,,,,,,46,4
474_Gulf Cooperation Council (GCC)_2001,15,3,6,0,3,2,1,12/31/2001,2001,1,5219257,243656.2942,60428.85439,28565508611,26700.5,546768141,46.63333333,1.6849824,3.83,60.90853202,7,1
475_Gulf Cooperation Council (GCC) Singapore_2008,6,3,7,0,2,3,0,12/15/2008,2008,0,,,,,,,,,,,14,1
476_Guyana Venezuela_1990,1,3,2,0,1,1,0,10/27/1990,1990,0,10248847.5,151877.6026,10130.02445,,8877,122951552,43.1,1.9920205,6.34,48.15983683,2,1
47_Argentina Uruguay_2003,1,3,2,0,1,1,0,3/31/2003,2003,0,20794183,339820.1827,14826.23849,18194457680,15886,138520708,50.65,3.343263,8.91,48.80273809,0,1
481_Hungary Israel_1997,1,3,2,0,2,1,1,10/14/1997,1997,0,8063243,169735.0059,22449.14214,27325685802,20801.5,116577420,64.75,8.804211,7.93,53.11997567,4,1
482_Hungary Latvia_1999,1,3,2,0,2,1,1,6/10/1999,1999,0,6314006,110356.2141,15448.33568,14972591118,13377.5,69525006,62.65,6.897764,7.37,45.70875158,8,1
483_Hungary Lithuania_1998,1,3,2,0,2,1,1,11/13/1998,1998,0,6907950.5,116621.222,15724.43669,15089180758,13357.5,77309933,63.3,8.174483,7.31,45.85853185,7,1
487_Hungary Slovenia_1994,1,3,2,0,2,1,1,4/6/1994,1994,0,6166399,106003.8875,18619.75985,9511806029,8764,76525095,67.85,,7.75,44.70505577,5,1
488_Hungary Turkey_1997,1,3,2,0,2,1,1,1/8/1997,1997,0,35783956,550713.4896,16333.00367,,22680,273819926,53.15,8.804211,6.64,48.73866419,1,1
489_India Korea_2009,1,3,2,0,2,1,1,8/7/2009,2009,0,636473997.5,3232138.538,18189.61669,3.50138E+11,264221.5,2150036140,47.05,2.6515903,8.03,51.58725057,41,2
490_India MERCOSUR_2004,4,3,5,0,1,3,1,1/25/2004,2004,0,,,,,,,,,,,5,1
491_India Nepal_1991,1,3,2,0,1,1,0,12/31/1991,1991,0,454536267.5,824322.1801,1731.169197,11697002568,8992,616391311.1,30.15,0.056611337,7.04,54.45162704,2,1
492_India Nepal_2009,1,3,2,0,1,1,1,10/27/2009,2009,0,625333550.5,2468074.866,3273.708029,1.37674E+11,82866,1616345652,30.15,2.6515903,7.04,54.45162704,1,1
493_India Singapore_2005,1,3,2,0,2,1,1,4/8/2002,2005,0,579452237.5,2024603.362,35202.82325,2.24305E+11,164632.5,1227260600,42.85,15.1133585,7.04,51.82646938,24,2
494_India Sri Lanka_1998,1,3,2,0,2,1,1,12/12/1998,1998,0,519997687,1268231.96,3916.17441,26075583264,19123,883508276,33.3,1.2245923,7.04,54.11328473,1,1
495_Indonesia Japan_2007,1,2,2,0,2,1,1,8/20/2007,2007,0,181429644.5,3355992.87,23240.70102,4.59512E+11,416170,1690694750,56.45,1.6030105,8.33,53.67383417,28,2
497_Iran Pakistan_2004,1,3,2,0,1,1,0,3/4/2004,2004,0,119855147,672460.8258,7473.930262,31684108140,27538,567302440,40.55,1.5982136,4.13,60.96264168,4,1
498_Iran Syria_2006,1,3,2,0,1,1,0,2/23/2006,2006,0,45353884.5,456375.7711,7687.678661,69770235181,43965.5,549734200,,0.8702771,1.96,59.966244,2,1
49_Argentina Venezuela_1992,1,3,2,0,1,1,0,10/6/1992,1992,0,27134373,446352.8016,16598.15183,,13210,226807364,51.25,1.9367945,6.85,51.3285032,1,1
4_Agadir Agreement_2004,6,3,4,0,2,2,0,2/25/2004,2004,0,30845050,259332.8233,8512.788034,14528596640,8288.5,235566526,46.425,8.209223,5.51,60.61580581,4,1
506_Israel Jordan_1995,1,3,2,0,1,1,0,10/25/1995,1995,0,5001597.5,91927.39384,17294.93442,15526904236,10407.5,63073593,59.6,1.2873124,7.93,60.73943794,2,1
508_Israel Mercosur_2007,4,3,5,0,2,3,0,12/18/2007,2007,0,49350892,762255.8813,18762.40021,67699542377,55785.8,636844031,52.94,5.7095113,8.91,50.86221544,8,1
509_Israel Mexico_2000,1,3,2,0,2,1,1,4/10/2000,2000,0,52081221,976621.2179,23922.14962,1.13465E+11,98885.5,451244380,59.2,5.9157233,7.93,59.56213789,11,1
510_Israel PLO_1994,1,3,2,0,3,1,0,5/4/1994,1994,0,,,,,,,,,7.93,,36,2
511_Israel Poland_1997,1,3,2,0,2,1,1,7/21/1997,1997,0,22242830,351945.7534,20785.2474,34588601882,24126.5,422101384,63.35,3.0811095,7.93,54.03573917,6,1
512_Israel Romania_2001,1,3,2,0,2,1,1,1/30/2001,2001,0,14285485,237940.6666,21150.69818,24929953232,20221,162011510,65.25,2.8642075,7.93,52.41008041,6,1
513_Israel Slovakia_1996,1,3,2,0,2,1,1,12/31/1996,1996,0,5532680.5,116167.6048,20814.36813,21761021254,14720,95961882,67.05,1.2563143,7.93,52.70971314,4,1
514_Israel Slovenia_1998,1,3,2,0,2,1,1,9/1/1998,1998,0,3976314.5,107689.0315,26139.54942,21830686691,16020.5,72048812,68.9,1.4471496,7.93,52.12753277,6,1
515_Israel Turkey_1996,1,3,2,0,2,1,1,3/14/1996,1996,0,32992893,506215.2181,20790.55682,,21927.5,251582450,54.2,1.2201122,7.93,56.1611412,6,1
517_Japan Malaysia_2005,1,2,2,0,2,1,1,12/13/2005,2005,0,76848268,2669958.281,28132.19214,4.1478E+11,368283.5,1460111930,61.5,2.7343874,8.33,51.95496499,35,2
518_Japan Mexico_2004,1,2,2,0,2,1,1,9/17/2004,2004,1,115853406.5,3320087.404,27598.77462,4.1389E+11,376827.5,1721485520,63.85,3.0682104,8.33,60.12417837,29,2
519_Japan Philippines_2006,1,2,2,0,2,1,1,9/9/2006,2006,1,107877917.5,2700477.217,21938.7186,3.86575E+11,347067.5,1333672204,56.75,2.1209188,8.33,58.75560731,26,2
51_Armenia Estonia_2002,1,3,2,0,1,1,0,6/27/2002,2002,0,2242193.5,11260898.88,23368.6206,2465779668,2420.5,18447195,58.8,4.6594996,7.96,45.13089285,4,1
520_Japan Singapore_2002,1,2,2,0,2,1,1,1/13/2002,2002,0,65810475,2423613.312,45923.29942,3.12208E+11,270951.5,1325880490,66.6,6.653666,8.33,53.9504872,16,1
521_Japan Switzerland_2009,1,1,2,0,2,1,1,2/19/2009,2009,0,67895415.5,2586543.914,50635.44969,4.89208E+11,392512,1206587008,78.3,8.599325,9.14,54.22855217,29,3
522_Japan Thailand_2007,1,2,2,0,2,1,1,4/3/2007,2007,0,97413877,2952794.458,26318.84051,4.86447E+11,434097,1526919300,60.25,3.2835693,8.33,55.58547409,42,2
523_Japan Vietnam_2008,1,2,2,0,2,1,1,12/25/2008,2008,0,106830120.5,2676257.916,21653.63169,,422048.5,1346316896,54.25,9.663039,8.33,55.30036575,23,2
524_Jordan Kuwait_2001,1,3,2,0,2,1,0,12/31/2001,2001,0,3577492,79856.0548,31297.75079,10841596709,9248,74660209,53.5,3.048505,3.83,58.17157203,0,1
526_Jordan Lebanon_1992,1,3,2,0,2,1,0,10/1/1992,1992,0,3806147,34789.78769,10103.49177,1650920615,887.5,21711112,49.4,0.766783,3.64,58.86319469,0,1
527_Jordan Lebanon_2002,1,3,2,0,2,1,0,10/30/2002,2002,0,4861099,54497.76257,11761.6174,3813699084,2004,32664181,49.4,6.975529,3.64,58.86319469,2,1
528_Jordan Libya_1992,1,3,2,0,2,1,0,1/20/1992,1992,0,4155853.5,65687.88722,14719.40928,6516740099,5578.5,49008619,,0.766783,3.17,61.78421985,0,1
529_Jordan Morocco_1994,1,3,2,0,1,1,0,3/10/1994,1994,0,15239858.5,72974.70536,6140.563986,5219902046,3490,41373367,47.85,1.5473605,5.04,59.82210734,1,1
52_Armenia Georgia_1995,1,3,2,0,2,1,1,8/14/1995,1995,0,3990252,9084220.288,13294.03606,519149922.4,211,5652980,46.8,,5.63,42.4348613,2,1
530_Jordan Morocco_1998,1,3,2,0,2,1,0,6/16/1998,1998,0,16318114,82455.91603,6386.349339,6664269803,4477.5,45134223,47.85,3.9181433,5.04,59.82210734,1,1
531_Jordan PLO_1995,1,3,2,0,2,1,0,1/26/1995,1995,0,,,,,,,,,3.86,,0,1
534_Jordan Singapore_2004,1,3,2,0,2,1,1,5/16/2004,2004,0,4849543.5,161475.4942,37044.78941,1.26036E+11,101260,65529590,55.75,21.202724,6.22,53.58543199,10,1
535_Jordan Sudan_2003,1,3,2,0,2,1,0,12/31/2003,2003,0,16792547,101221.5822,7322.552531,,2812,25472427,44.1,6.3178234,3.17,63.3995349,0,1
537_Jordan Syria_2001,1,3,2,0,2,1,0,10/8/2001,2001,0,10945629,47456.01386,5933.449762,17894421943,3770.5,66560553,,3.048505,3.17,60.26558068,2,1
53_Armenia Iran_1995,1,3,2,0,1,1,0,5/16/1995,1995,0,32058795.5,9353278.87,16174.05881,10625700645,9315.5,272632774,50.15,1.7244228,5.63,52.68128411,1,1
540_Jordan Tunisia_1998,1,3,2,0,2,1,0,4/22/1998,1998,0,7260775.5,54895.5949,7784.193134,5971369040,3770,32040811,50.05,3.9181433,5.51,61.0067111,2,1
541_Jordan Turkey_2009,1,3,2,0,2,1,1,12/1/2009,2009,0,39409849.5,713340.7755,15249.12838,,54259,337748992,48,9.834179,4.35,56.35812646,6,1
542_Jordan UAE_2000,1,3,2,0,2,1,0,5/21/2000,2000,0,4165753.5,182939.3092,55605.90872,,25867,127013304,54.5,10.794005,3.17,62.30094895,1,1
543_Jordan US_2000,1,2,2,0,2,1,1,10/24/2000,2000,0,143609292.5,7100228.635,29443.04779,5.49825E+11,391908.5,6025335804,61.35,10.794005,7.85,58.98719735,32,3
544_Kazakhstan Kyrgyzstan_1995,1,3,2,0,2,1,1,6/22/1995,1995,0,10188321.5,73365.40157,5533.071823,4215053555,2829.5,172792870,42.25,5.7850046,3.62,56.406758,3,1
548_Kazakhstan Ukraine_1994,1,3,2,0,2,1,1,12/17/1994,1994,0,34033583,305628.0386,9030.502492,13236616511,6768,594425540,47.1,3.1043549,5.42,52.33172048,5,1
54_Armenia Kazakhstan_1999,1,3,2,0,2,1,1,9/2/1999,1999,0,9067202,10650772.98,17525.34234,3773396116,3052,122305494,48.5,9.406776,5.63,51.95348009,6,1
550_Korea Singapore_2005,1,3,2,0,2,1,1,8/4/2005,2005,0,26225161.5,833576.7992,47891.70075,3.08817E+11,257034,540274700,62.3,15.1133585,8.03,45.99522196,24,2
551_Korea US_2007,1,2,2,0,2,1,1,6/30/2007,2007,1,174957422.5,9186002.142,43736.07967,1.04888E+12,759844,6651831740,67.9,2.394691,8.03,51.39698732,91,5
555_Kyrgyzstan Moldova_1995,1,3,2,0,2,1,1,5/26/1995,1995,0,3756800,14136.18373,4103.583286,771725932.4,577,15912356,42.1,5.7850046,6.23,54.77037124,2,1
556_Kyrgyzstan Russia_1992,1,3,2,0,2,1,1,10/8/1992,1992,0,76526798.5,1302176.485,10692.85493,1.43844E+11,21178,1977546381,45.15,,3.62,51.15284957,4,1
558_Kyrgyzstan Ukraine_1995,1,3,2,0,2,1,1,5/26/1995,1995,0,28036600,209386.5742,5210.338362,11592644470,6768.5,394579080,44.65,5.7850046,5.42,49.85633668,3,1
559_Kyrgyzstan Uzbekistan_1996,1,3,2,0,2,1,1,12/24/1996,1996,0,13926700,36226.72106,2621.665444,,2357.5,113836102,42.05,2.5847428,3.62,55.4935118,6,1
55_Armenia Kyrgyzstan_1994,1,3,2,0,2,1,1,7/4/1994,1994,0,3944406.5,8892531.22,12940.11522,542382283.9,278,8829181,46.05,2.2711387,5.63,49.47809629,3,1
560_Laos Thailand_1991,1,3,2,0,1,1,1,6/20/1991,1991,0,30268545,222447.4228,4818.6498,17731306044,14262.5,95590786,40.1,2.0501773,6.67,48.46369016,0,1
562+1_Latin American Integration Association Cuba accession_1998,11,3,12,0,1,5,0,12/31/1998,1998,0,37000832.92,483965.2071,12204.19305,,21465.5,1227817596,49.80833333,,8.91,50.63638827,0,1
564_Latvia Norway_1992,1,2,2,0,2,1,1,7/1/1992,1992,0,3450369.5,107041.8291,26980.99535,,17961.5,48588646,69.65,,9.81,43.96679665,4,1
565_Latvia Poland_1997,1,3,2,0,2,1,1,12/31/1997,1997,0,20541255.5,284989.1921,12506.24901,19887640107,13711,375916586,61.25,7.266534,7.37,46.62451507,5,1
566_Latvia Slovakia_1996,1,3,2,0,2,1,1,4/19/1996,1996,0,3915291.5,51160.84352,12225.34276,8089968026,5136.5,53238807,64.95,5.545409,7.37,45.29848904,5,1
567_Latvia Slovenia_1996,1,3,2,0,2,1,1,4/22/1996,1996,0,2222925,34398.42008,16123.44902,6168197972,4877.5,25212087,66.8,5.545409,7.75,44.71630867,4,1
568_Latvia Sweden_1992,1,2,2,0,2,1,1,3/10/1992,1992,0,5641202.5,158119.8044,21837.71295,,28448,71761886,70.15,,9.39,43.6566526,4,1
569_Latvia Switzerland_1992,1,2,2,0,2,1,1,11/24/1992,1992,0,4744851,201907.3667,32557.92763,,33228,60213202,71.55,,9.14,46.2552876,4,1
56_Armenia Moldova_1993,1,3,2,0,2,1,1,12/24/1993,1993,0,3216083,8532582.397,15439.6529,,319.5,18356060,48.35,,6.23,50.31709333,5,1
570_Latvia Turkey_1998,1,3,2,0,2,1,1,6/16/1998,1998,0,32326111.5,489692.1781,13633.14177,,14346,220442036.5,52.1,5.1826086,7.37,48.7499171,3,1
574_Libya Morocco_1990,1,3,2,0,3,1,0,12/31/1990,1990,0,14403898.5,91583.77013,11804.33567,9440038417,8745,58811782,,0.5497862,5.04,60.66990398,0,1
576_Lithuania Norway_1992,1,2,2,0,2,1,1,7/1/1992,1992,1,3993257.5,115398.9224,27728.64208,,18587,55562442,70.3,,9.81,44.11657692,6,1
577_Lithuania Poland_1996,1,3,2,0,2,1,1,6/27/1996,1996,0,21112991.5,275547.2455,12255.39776,19435019527,13897.5,393025363,61.9,2.8091073,7.31,46.77429534,5,1
578_Lithuania Slovakia_1996,1,3,2,0,2,1,1,11/27/1996,1996,0,4487487,59259.20484,12890.64708,8640885625,6092.5,59766095,65.6,1.8180691,7.31,45.44826931,4,1
579_Lithuania Slovenia_1996,1,3,2,0,2,1,1,10/4/1996,1996,0,2795120.5,42496.78139,16788.75334,6719115571,5833.5,31739375,67.45,1.8180691,7.75,44.86608894,6,1
57_Armenia Russia_1992,1,3,2,0,2,1,1,9/30/1992,1992,0,76056376,9553307.215,19824.49966,1.43686E+11,21061,1972228398,51.4,0.252232,5.63,46.69957166,3,1
580_Lithuania Sweden_1991,1,2,2,0,2,1,1,10/29/1991,1991,0,6160754.5,171834.9577,23862.63894,,,95560012,70.8,,9.39,43.80643287,1,1
581_Lithuania Switzerland_1992,1,2,2,0,2,1,1,11/24/1992,1992,0,5287739,210264.46,33305.57436,,33853.5,67186998,72.2,,9.14,46.40506787,4,1
582_Lithuania Turkey_1997,1,3,2,0,2,1,1,6/2/1997,1997,0,32426281.5,483293.3329,13802.97828,,15060,227271056,52.75,3.5804,7.31,48.89969737,2,1
589_Macedonia Moldova_2004,1,3,2,0,2,1,1,1/28/2004,2004,0,2464283.5,20540.81994,8682.695838,1537498588,1330.5,12839232,49.9,5.81199,6.23,,6,1
590_Macedonia Romania_2003,1,3,2,0,2,1,1,2/7/2003,2003,0,11800549.5,165583.8828,12300.99609,7682236119,9514.5,112347772,60.05,3.189959,6.45,,10,1
592_Macedonia Slovenia_1996,1,3,2,0,2,1,1,7/1/1996,1996,0,1991427,31149.45384,15661.94285,5455227777,4729.5,25415967,63.7,0.80577546,7.75,,6,1
593_Macedonia Turkey_1999,1,3,2,0,2,1,1,9/7/1999,1999,0,32601378.5,469846.9389,12264.28407,,13889,216710615,49,2.3637352,6.1,,3,1
594_Macedonia Ukraine_2001,1,3,2,0,2,1,1,1/18/2001,2001,0,25348641,210528.811,9022.81927,10496539044,8711.5,312179267.5,52.45,12.658134,6.1,,6,1
595_Malawi Mozambique_2005,1,3,2,0,1,1,0,12/28/2005,2005,0,16483381,15404.20293,964.1283843,,1145.5,2618681,36.1,2.62567,5.91,53.28657118,7,1
598_Malaysia New Zealand_2009,1,2,2,0,2,1,1,10/26/2009,2009,1,16259902,348461.3433,28043.71859,1.09886E+11,91088.5,226738986,59.6,0.056692317,9.61,41.252144,62,4
599_Malaysia Pakistan_2007,1,3,2,0,2,1,1,11/8/2007,2007,0,104508562.5,593019.4027,11751.23527,1.12813E+11,96902,330853000,40.5,4.686846,7.3,51.91546494,19,3
59_Armenia Turkmenistan_1995,1,3,2,0,2,1,1,10/3/1995,1995,0,3774702.5,9085055.174,13665.85884,1217868885,1075.5,37931870,48.1,9.386648,5.63,51.29230708,2,1
5_Albania Bosnia and Herzegovina_2003,1,3,2,0,2,1,1,4/28/2003,2003,0,3611686.5,27110.32629,7908.007206,1459800610,894,18661619,47.2,4.4921684,6.41,41.78933558,7,1
602_Mauritius Pakistan_2007,1,3,2,0,1,1,0,7/30/2007,2007,0,91582075.5,341106.5315,9432.236638,12345234132,10038,159088204,39.1,4.1810746,8.14,62.67955307,5,1
603_Melanesian Spearhead Group (MSG )_1993,3,3,3,0,1,2,1,12/31/1993,1993,0,1602740.667,3854.932064,2271.771977,960841937.8,912.3333333,2429232,29.33333333,,,52.93141059,2,1
604_MERCOSUR_1991,6,3,4,0,3,2,1,3/26/1991,1991,0,,,,,,,,,,,3,1
605_MERCOSUR Mexico Auto Agreement_2002,4,3,5,1,1,3,0,9/27/2002,2002,0,,,,,,,,,,,2,1
606_MERCOSUR Peru_2005,4,3,5,0,1,3,0,11/30/2005,2005,0,,,,,,,,,,,10,1
607_MERCOSUR services_1997,6,3,4,0,4,2,1,12/15/1997,1997,0,,,,,,,,,,,1,1
608_MERCOSUR Southern African Customs Union (SACU)_2004,20,3,9,0,2,4,0,12/16/2004,2004,0,,,,,,,,,,,5,1
60_Armenia Ukraine_1994,1,3,2,0,2,1,1,10/7/1994,1994,0,27647556.5,9118423.799,16065.23237,9556954242,5260.5,422176802,50.9,0.6082916,5.63,45.40305877,4,1
611_Mexico Nicaragua_1997,1,3,2,0,2,1,1,12/18/1997,1997,0,49039528,786725.1456,10026.50203,61309196103,55504,365794496,45.9,4.6332855,5.25,55.04887696,37,2
612_Mexico_Northern_Triangle_2000,3,3,4,0,2,3,1,6/29/2000,2000,0,30519602.5,476378.2763,8753.240142,47698105229,43840.5,412192245,41.325,4.869843,5.25,52.56633471,46,4
616_Mexico Uruguay_2003,1,3,2,0,2,1,0,6/23/2004,2003,0,52869771.5,912564.8382,15113.0284,90486818011,83801,440706628,50.85,3.343263,8.91,50.8526305,22,2
617_Moldova Romania_1994,1,3,2,0,2,1,1,2/15/1994,1994,0,12848898,138371.9343,8588.825853,,3358,133331624,54.55,,6.45,49.94353821,4,1
619_Moldova Serbia_2003,1,3,2,0,2,1,1,12/31/2003,2003,0,5191894.5,48635.94223,8407.968648,,,60227808,49.8,,6.33,49.56373632,6,1
621_Moldova Ukraine_2003,1,3,2,0,2,1,1,11/13/2003,2003,0,25358073.5,240409.2779,7953.895483,14191976206,11928.5,311649648,46.95,3.7230413,6.23,50.69533371,6,1
624_Montenegro Turkey_2008,1,3,2,0,2,1,1,11/26/2008,2008,0,35834323.5,712776.822,18729.48841,,66322,313227244,44.45,21.45494,6.45,46.206658,6,1
625_Morocco Tunisia_1999,1,3,2,0,2,1,0,12/31/1999,1999,0,18982532,98658.24915,5963.88546,9592930615,6687.5,50625472,44.5,1.787417,5.51,59.89239523,1,1
626_Morocco Turkey_2004,1,3,2,0,2,1,1,4/7/2004,2004,0,48909100,651240.5547,11147.45411,,36546,286994146,42.45,1.3511865,5.04,55.24381059,5,1
627_Morocco UAE_2001,1,3,2,0,2,1,0,12/31/2001,2001,0,16192147.5,231117.5544,51654.27704,30959222808,27779,138223660,48.95,6.4441295,5.04,61.18663308,1,1
628_Morocco US_2004,1,2,2,0,2,1,1,6/15/2004,2004,1,161419211.5,7835763.477,29089.50172,5.96561E+11,412400,6154880556,55.8,1.7486913,7.85,57.87288148,66,5
62_Asia Pacific Trade Agreement (Bangkok Agreement amended)_2005,15,3,6,0,1,2,0,11/2/2005,2005,0,445497116.7,2096226.489,8360.405936,2.13786E+11,193697.5,7617454321,39.03333333,4.5542636,8.03,50.57031668,1,1
630_Namibia Zimbabwe_1992,1,3,2,0,1,1,0,12/31/1992,1992,0,6051594,18225.15414,4476.45894,1656723040,1393,17863953,38.6,3.4474845,6.52,60.73119338,0,1
631_New Zealand Singapore_2000,1,2,2,0,2,1,1,11/14/2000,2000,0,3942793.5,173644.4816,43774.80803,99885649854,75550.5,80639616,64.7,16.14889,9.61,43.24766621,19,1
632_New Zealand Thailand_2005,1,2,2,0,2,1,1,4/19/2005,2005,1,34977630,476242.6431,24001.92512,80973856371,66333,251748550,58.35,4.339587,9.61,44.8826531,58,4
634_Nicaragua Taiwan_2006,1,3,2,0,2,1,1,6/16/2006,2006,0,,,,,,,,,,,75,5
636_North American Free Trade Agreement (NAFTA)_1992,3,2,3,0,2,2,1,12/17/1992,1992,0,123292809.3,4244180.837,29873.55815,2.81393E+11,209598,5971020490,64.3,1.2096668,8.88,55.21756138,100,6
637_Oman US_2006,1,2,2,0,2,1,1,1/19/2006,2006,1,150470280.5,8293316.688,43967.34917,7.46535E+11,523776,6092852880,53.9,4.2887692,7.85,63.37043563,75,5
639_Pacific Island Countries Trade Agreement (PICTA )_2001,36,3,9,0,2,2,1,8/18/2001,2001,0,,,,,,,,,,,4,1
63_Association of Caribbean States_1994,300,3,25,0,5,2,0,7/24/1994,1994,0,8390759.4,103906.4258,10678.1117,,4117.68,629725155,,,,,7,2
640_Pakistan Sri Lanka_2002,1,3,2,0,2,1,1,8/1/2002,2002,0,91186757,303873.9566,4649.204908,8390584419,7306,123851900,36.05,1.188278,6.47,56.19780249,2,1
641_Panama Singapore_2006,1,3,2,0,2,1,1,3/1/2006,2006,0,3884969,185558.8486,44154.18167,1.75466E+11,139920.5,49832250,52.7,26.327152,6.91,46.76430053,27,2
642_Panama Taiwan_2003,1,3,2,0,2,1,1,8/21/2003,2003,0,,,,,,,,,,,38,3
643_Panama US_2007,1,2,2,0,2,1,1,6/28/2007,2007,1,152331410.5,8450132.371,37505.15601,8.37256E+11,578510,6137472627,58.3,10.443283,7.85,52.16606588,83,5
644_Peru Singapore_2008,1,3,2,0,2,1,1,5/29/2008,2008,0,16822790.5,306708.8501,40485.46139,2.39604E+11,184501,82003638,51.05,7.023286,6.22,48.70283113,27,2
645_Peru US_2006,1,2,2,0,2,1,1,4/12/2006,2006,1,163380495,8363847.77,31661.39708,7.48619E+11,524915.5,6080883278,56.65,3.9106567,7.85,54.10459648,105,6
646_Poland Turkey_1999,1,3,2,0,2,1,1,10/1/1999,1999,0,50922943,757507.8926,15080.51433,,26973,537194120,51.75,4.356273,7.04,49.65442769,6,1
648_Romania Serbia_2003,1,3,2,0,2,1,1,12/31/2003,2003,0,14527458.5,194831.6558,12488.52234,,,159641520,59.95,,6.45,43.89790625,11,1
649_Romania Slovakia_1994,1,3,2,0,2,1,1,12/31/1994,1994,0,14038271,164331.2943,12162.8136,9321781558,6420.5,164661640,66.5,1.3384844,7.07,44.57734087,4,1
64_Association of Southeast Asian Nations (ASEAN) FTA_1992,15,3,6,0,2,2,1,1/28/1992,1992,0,,,,,,,,,,,4,1
650_Romania Turkey_1997,1,3,2,0,2,1,1,4/29/1997,1997,0,41915702,597640.3212,13687.04665,,17345.5,330264630,53.65,3.4152992,6.45,48.02876893,4,1
654_Russia Ukraine_1993,1,3,2,0,2,1,1,6/24/1993,1993,0,100318988.5,1481950.983,13721.4211,91605232191,26057,2377049500,50,0.30465424,5.42,47.07781205,4,1
657_Serbia Turkey_2009,1,3,2,0,2,1,1,6/1/2009,2009,0,39680006.5,725679.3435,16595.29593,,55244,362307396,48.9,6.4859147,6.33,47.64896704,6,1
658_Singapore US_2003,1,2,2,0,2,1,1,5/6/2003,2003,1,147111379.5,7591257.152,55260.00991,6.16492E+11,442336.5,6059579990,63.7,17.462416,7.85,51.63620613,55,5
659_Slovakia Slovenia_1993,1,3,2,0,2,1,1,12/22/1993,1993,0,3658525.5,52047.96785,15926.63359,7810570578,5771.5,60597394,70.15,,7.75,44.29479323,4,1
660_Slovakia Turkey_1997,1,3,2,0,2,1,1,10/20/1997,1997,0,33330358.5,502484.0206,15297.88175,,17947.5,256206422,55.45,0.6377918,7.07,48.32840166,5,1
661_Slovenia Turkey_1998,1,3,2,0,2,1,1,7/1/1996,1998,0,32111916.5,499558.9714,19883.33005,,17964.5,228174082,57.3,0.9739806,7.75,47.74622129,5,1
"666_South Asian Association for Regional Cooperation, Preferential Trading Arrangement (SAPTA)_1993",21,2,7,0,1,2,1,4/11/1993,1993,0,172168046,349831.6031,3630.25867,6187354333,4880.857143,777290283,33.75714286,,,54.01489372,0,1
667_South Asian Free Trade Area (SAFTA)_2004,21,3,7,0,2,2,1,12/31/2004,2004,0,213164207.1,648839.7842,5390.18643,,15032.28571,1306369786,33.75714286,,,54.01489372,2,1
66_Association of Southeast Asian Nations Australia New Zealand FTA (AANZFTA)_2009,20,2,12,0,2,4,1,2/27/2009,2009,0,,,,,,,,,,,45,4
670_Southern Africa Customs Union (SACU)_2002,10,3,5,0,3,2,1,10/12/2002,2002,0,,,,,,,,,,,7,1
671_Southern African Development Community (SADC)_1992,45,3,10,0,5,2,0,8/17/1992,1992,0,,,,,,,,,7.73,,2,1
672_Southern African Development Community (SADC)_1996,55,3,11,0,2,2,1,8/24/1996,1996,0,,,,,,,,,8.14,,5,1
675_Syria Turkey_2004,1,3,2,0,2,1,1,12/31/2004,2004,0,42934541,601614.9525,10152.69142,,35272.5,296055218,,0.68115324,4.35,55.68728394,7,1
677_Tajikistan Ukraine_2001,1,3,2,0,2,1,1,6/6/2001,2001,0,27535605,205067.4848,4835.536751,10323177323,8457.5,306178906,43.85,2.014776,5.42,46.89311112,6,1
679_Trans Pacific Strategic EPA_2005,6,2,4,0,2,2,1,7/18/2005,2005,0,6235422.5,187752.6072,47658.29076,,74723.75,145565825,59.875,,,46.09005281,55,4
67_Association of Southeast Asian Nations China_2004,10,3,11,0,2,3,1,11/29/2004,2004,0,,,,,,,,,,,4,1
683_Tunisia Turkey_2004,1,3,2,0,2,1,1,11/25/2004,2004,0,39038650,617481.1219,12982.42183,,36426,266863166,44.65,1.8988895,5.51,56.42841436,6,1
684_Turkmenistan Ukraine_1994,1,3,2,0,2,1,1,11/5/1994,1994,0,28027218.5,240993.4599,6664.268326,10386243870,6225,453708240,46.7,4.021961,5.42,51.67054747,4,1
686_Ukraine Uzbekistan_1994,1,3,2,0,2,1,1,12/29/1994,1994,0,37149200,261807.6735,5801.553314,,6427.5,529277070,46.9,0.56592846,5.42,51.41847428,7,1
687_United States Vietnam_2000,1,2,2,0,1,1,0,7/13/2000,2000,0,180581776.5,7195968.926,26561.98783,,398200.5,6064071068,51.35,4.163924,7.85,52.98608467,7,1
688_West African Economic and Monetary Union_1994,21,3,7,0,3,2,1,1/10/1994,1994,0,8790237.857,17624.00357,1906.384749,874165335.9,703.7142857,11658420.86,30.64285714,1.4138179,5.72,56.45392311,3,1
68_Association of Southeast Asian Nations China Services_2007,10,3,11,0,4,3,1,1/14/2007,2007,0,,,,,,,,,,,2,1
693_Andean Community Auto Agreement_1999,3,3,3,1,1,2,0,12/31/1999,1999,0,,,,,,,,,,,4,1
694_Andean Community Sucre Protocol_1997,10,3,5,0,3,2,0,12/31/1997,1997,0,,,,,,,,,,,1,1
69_Association of Southeast Asian Nations Goods_2009,45,3,10,0,2,2,0,2/26/2009,2009,0,,,,,,,,,,,9,1
6_Albania Bulgaria_2003,1,3,2,0,2,1,1,3/26/2003,2003,0,5407471.5,60781.14197,10043.3664,4223650229,3995.5,54777175,53,9.916259,6.53,44.28549675,7,1
70_Association of Southeast Asian Nations India_2009,10,3,11,0,2,3,1,10/24/2009,2009,0,,,,,,,,,,,13,3
714_Central American Common Market (CACM) Protocol of Guatemala_1993,15,3,6,0,3,2,0,10/29/1993,1993,0,5243001.167,32311.8445,7019.508994,2427049171,1165.166667,22452385,41.95,2.5743856,8.29,50.39735815,9,1
715_Chile Cuba_1999,1,3,2,0,1,1,0,12/31/1999,1999,0,13123252,182898.6442,13827.83547,12762113584,9329,85875058,51.85,,8.22,58.18075022,6,1
716_Chile Peru_2006,1,3,2,0,2,1,0,12/31/2006,2006,0,22357826.5,267646.7216,13486.33738,47275812763,41272,92249182,49.65,4.931108,8.22,51.66151522,19,2
71_Association of Southeast Asian Nations Japan_2008,10,2,11,0,2,3,1,4/14/2008,2008,0,,,,,,,,,,,15,3
72_Association of Southeast Asian Nations Korea_2006,9,3,10,0,2,3,1,8/24/2006,2006,0,,,,,,,,,,,13,2
732_Faroe Islands Finland_1992,1,1,2,0,2,1,0,11/19/1992,1992,0,2543998.5,,,,,54913528,,,,,6,1
73_Association of Southeast Asian Nations Korea services_2007,9,3,10,0,4,3,1,11/21/2007,2007,0,,,,,,,,,,,4,1
742_Guinea Morocco_1997,1,3,2,0,1,1,0,12/31/1997,1997,0,17619962,63969.19995,2909.12419,5052954712,3858.5,31267306,34.35,2.75709,5.04,54.40483313,1,1
75_Australia Chile_2008,1,2,2,0,2,1,1,7/13/2008,2008,1,18955330.5,665423.4178,33468.51633,1.43374E+11,125883.5,474808240,65.1,10.268848,8.71,57.53883784,27,2
764_Malawi Zimbabwe_2006,1,3,2,0,2,1,0,7/17/2006,2006,0,12724398.5,18143.68425,1454.673148,,1345.5,11213444,37.65,0.73476785,5.91,54.14188686,7,1
76_Association of Southeast Asian Nations Services_1995,15,3,6,0,4,2,,12/15/1995,1995,0,,,,,,,,,,,1,1
771_Peru Thailand_2005,1,3,2,0,1,1,0,11/19/2005,2005,0,46984313.5,507200.7698,9911.141053,74960132368,64152,244646246,44.7,4.339587,6.67,50.33781802,3,1
781_Paraguay Venezuela_2008,1,3,2,0,1,1,0,8/16/2008,2008,0,16789490.5,292335.6716,14306.41329,,50714,159783124,48.35,1.3887988,5.89,48.35889858,0,1
782_Uruguay Venezuela_2008,1,3,2,0,1,1,0,12/31/2008,2008,0,15634979.5,292103.1685,18159.52555,,50481.5,163706798.5,49.7,6.883023,8.91,45.64920299,1,1
785_Latvia Ukraine Agriculture_1998,1,3,2,1,1,1,0,12/31/1998,1998,0,26277259.5,188582.5568,9357.798387,10177740874,7224,337114576.5,55.55,5.1826086,7.37,45.75065182,0,1
787+1_EAC Burundi_2007,4,3,5,0,,6,1,12/31/2007,2007,0,,,,,,,,,,,7,1
787_East African Community (EAC)_1999,3,3,3,0,3,2,1,11/30/1999,1999,0,,,,,,,,,,,60,3
789_MERCOSUR Southern African Customs Union (SACU)_2008,20,3,9,0,1,4,0,12/15/2008,2008,0,,,,,,,,,,,5,1
790_El Salvador Guatemala_1991,1,3,2,0,3,1,0,12/31/1991,1991,0,7378942,40210.94933,5451.21591,1296701489,895,8105851,37.45,0.9642643,5.06,50.14413558,0,1
793_EC Switzerland Bilaterals I_1999,,1,16,0,2,3,0,6/21/1999,1999,1,,,,,,,,,,,26,2
795_Australia Malaysia_2012,1,2,2,0,2,1,1,5/22/2012,2012,0,26196838.5,876530.3074,35473.20649,2.90969E+11,242106.5,619569710,61.4,3.718569,8.71,52.58463154,31,3
797_Canada Honduras_2013,1,2,2,0,2,1,,11/5/2013,2013,1,22021805.5,846725.8069,26045.33479,2.84489E+11,233075.5,578904598,54.4,5.778621,8.88,50.71406705,89,5
798_Canada Panama_2010,1,2,2,0,2,1,1,5/14/2010,2010,1,18814253,806318.501,33240.33111,2.46179E+11,199234,565134199,59.15,8.658544,8.88,48.66352491,93,5
799_Central America EC_2012,162,2,33,0,2,4,1,6/29/2012,2012,1,,,,,,,,,,,134,6
7_Albania Croatia_2002,1,3,2,0,2,1,1,9/27/2002,2002,0,3676592,55063.83742,13802.59194,5251577367,2623,25635570,56.05,3.6654892,6.5,42.61959237,7,1
800_Chile Malaysia_2010,1,3,2,0,2,1,1,11/13/2010,2010,0,22860946.5,465056.558,20548.61797,1.5199E+11,134860.5,270693620,51.6,7.380601,8.22,47.19760265,36,3
801_Chile Thailand_2013,1,3,2,0,2,1,0,10/4/2013,2013,1,43544263.5,741186.1115,19490.89918,1.85651E+11,152637.5,345490320,50.35,7.613964,8.22,50.82811175,36,4
803_Chile Vietnam_2011,1,3,2,0,2,1,1,11/11/2011,2011,1,52761345,423948.3963,13476.29448,,89172,230631734,44.35,10.169736,8.22,50.5430034,16,2
804_China Costa Rica_2010,1,3,2,0,2,2,1,4/8/2010,2010,1,671163626,5979921.45,12621.83665,8.33593E+11,793601,8628119647,44.9,5.063712,8.29,52.50679463,50,4
805_Colombia Costa Rica_2013,1,3,2,0,2,1,1,5/22/2013,2013,0,25514732.5,356451.7246,15623.80296,42346745129,35152,95736181,52.7,6.2912774,8.29,48.65866521,45,2
806_Colombia Israel_2013,1,3,2,0,2,1,,9/30/2013,2013,0,25514732.5,356451.7246,15623.80296,42346745129,35152,95736181,52.7,6.2912774,8.29,48.65866521,24,2
808_Colombia Korea_2013,1,3,2,0,2,1,,2/21/2013,2013,1,48333411.5,1248417.1,25283.46527,3.86108E+11,309228,722685364,59.7,4.2425246,8.03,45.59139576,84,4
809_Colombia Panama_2013,1,3,2,0,2,1,,9/20/2013,2013,1,25029743,365213.3695,20002.89299,49410373101,36778,98617947,50.1,8.331159,6.91,46.36047433,66,4
80_Australia Papua New Guinea_1991,1,2,2,0,2,1,0,2/21/1991,1991,0,10637515.5,275545.0558,16534.1335,26924655964,21657,281703088,53.65,3.1841831,8.71,53.43241873,2,1
810+1_Colombia Peru EC Ecuador accession_2016,31,2,32,0,,5,1,12/31/2016,2016,0,,,,,,,,,,,13,1
810+2_Colombia Peru EC Croatia accession_2015,30,2,31,0,,6,0,12/31/2015,2015,0,,,,,,,,,,,3,1
810_Colombia Peru EC_2012,54,2,29,0,2,3,1,6/26/2012,2012,1,,,,,,,,,,,100,5
811_Commonwealth of Independent States_2011,64,3,8,0,2,2,1,12/31/2011,2011,0,29221866.63,4106986.311,15487.80439,1.00637E+11,90175.125,2314455920,46.55,11.064645,6.23,49.8619957,4,1
813_Costa Rica Peru_2011,1,3,2,0,2,1,1,5/26/2011,2011,0,17078823.5,194412.8747,13744.61361,33139073643,28628.5,49483883,48.25,6.3917255,8.29,51.53088177,34,3
814_Costa Rica Singapore_2010,1,3,2,0,2,1,1,4/6/2010,2010,0,4849492,236183.3007,47327.26577,2.4359E+11,180657.5,50540983,55.3,23.069471,8.29,49.06249141,39,2
815_EC Korea_2010,27,2,28,0,2,3,1,10/6/2010,2010,1,,,,,,,,,,,82,5
817_EFTA Hong Kong_2011,4,2,5,0,2,3,1,6/21/2011,2011,1,,,,,,,,,,,62,4
818_EFTA Montenegro_2011,4,2,5,0,2,3,1,11/14/2011,2011,1,,,,,,,,,,,44,4
819_EFTA Peru_2010,4,2,5,0,2,3,1,7/14/2010,2010,0,,,,,,,,,,,31,2
820_EFTA Ukraine_2010,4,2,5,0,2,3,1,6/24/2010,2010,0,,,,,,,,,,,21,2
821_MERCOSUR Egypt_2010,4,3,5,0,,3,1,12/31/2010,2010,0,,,,,,,,,,,9,1
822_Guatemala Panama Protocol_2008,1,3,2,0,2,1,1,2/26/2008,2008,0,8617287.5,86850.20763,13999.02812,14658903718,8777,18227761,39.55,9.500757,6.91,47.82430956,0,1
823_Guatemala Peru_2011,1,3,2,0,2,1,,5/25/2011,2011,0,21999618,209775.1665,9057.331243,32540164461,28625,53410380,37.9,4.4726267,5.92,49.76284016,32,3
824_Honduras Panama_2007,1,3,2,0,2,1,1,6/15/2007,2007,0,5678038,52162.01677,12013.36817,10916093399,7302.5,15566045.5,42.55,10.443283,6.91,49.34470242,0,1
825_Hong Kong New Zealand_2010,1,2,2,0,2,1,1,3/29/2010,2010,1,5687450,259921.5791,43961.84673,,216044,74873288,,36.17461,9.61,,57,4
826_India Japan_2011,1,2,2,0,2,1,1,2/15/2011,2011,1,692727095.5,5210992.133,21247.35538,6.84149E+11,563044.5,3029343400,51.35,2.0020635,8.33,59.54251581,47,4
827_India Malaysia_2011,1,3,2,0,2,1,1,2/18/2011,2011,0,643402662,3083994.928,12867.42849,3.50702E+11,265495.5,1968164750,37.75,5.0744605,7.3,49.83094717,16,1
829_Japan Peru_2011,1,2,2,0,2,1,1,5/31/2011,2011,0,78655360.5,2587302.46,24332.26464,4.86653E+11,435016.5,1306804068,59.55,4.4726267,8.33,56.41887756,38,4
82_Australia Singapore_2003,1,2,2,0,2,1,1,2/17/2003,2003,0,11917781.5,549841.4475,51044.52337,1.43478E+11,115139.5,418876420,66.5,17.462416,8.71,54.58015375,13,1
830_Korea Peru_2011,1,3,2,0,2,1,1,3/21/2011,2011,1,39707179.5,1039417.776,23011.92892,3.60416E+11,301031.5,665615868,55.25,4.4726267,8.03,48.46361232,84,5
831_Korea Turkey_2012,1,3,2,0,2,1,1,8/1/2012,2012,1,62687840,1756012.326,29429.99788,,350166,984050240,54.55,1.5608323,8.03,48.76791643,52,3
832_Mauritius Turkey_2011,1,3,2,0,2,1,1,9/9/2011,2011,0,37738016.5,822734.4479,19780.88151,,68736,345974116,43.85,3.762072,8.14,57.77570117,6,1
833_Montenegro Ukraine_2011,1,3,2,0,2,1,1,12/31/2011,2011,0,23163082.5,300919.0528,15098.51955,42792927635,34544,310783668,47.9,12.24933,6.45,43.20739272,7,1
834_New Zealand Taiwan_2013,1,2,2,,2,1,1,7/10/2013,2013,0,,,,,,,,,,,71,4
835_Nicaragua Panama Protocol_2009,1,3,2,0,2,1,1,12/31/2009,2009,0,4664991,49595.17598,12501.48124,10875616252,6554,12905784,43.25,5.228507,6.91,49.40504555,2,1
836_Pacific Alliance_2013,12,3,4,0,2,2,,6/6/2012,2012,0,52157421.5,877775.5383,16342.97908,1.50145E+11,138648.25,706953604,51.2,11.909745,8.22,51.83291048,0,1
837_Panama Peru_2011,1,3,2,0,2,1,1,5/25/2011,2011,1,16583197.5,198595.099,16982.19108,39763635002,30702,52125998,45.65,12.672466,6.91,49.23269089,37,3
838_Peru Venezuela_2012,1,3,2,,1,1,,1/7/2012,2012,0,29610007.5,441099.4681,14995.6248,,71623.5,221228230,47.15,7.361737,5.92,49.67309479,7,1
83_Australia Thailand_2004,1,2,2,0,2,1,1,6/5/2004,2004,0,42621944,828223.2602,27900.57053,1.09777E+11,91406.5,590204130,60.15,6.9807167,8.71,56.21514064,13,1
840_Australia China_2015,1,2,2,0,2,1,1,6/17/2015,2015,0,701837997.5,9299018.738,31389.25688,1.31657E+12,1230576,10268330370,56.1,3.4689958,8.71,58.02445697,24,3
842_Australia Japan_2014,1,1,2,0,2,1,1,7/8/2014,2014,0,75375843,3103733.303,44585.17854,5.81299E+11,465089,1657121380,75,4.303611,8.71,62.29620018,18,2
844_Bosnia and Herzogovina EFTA_2013,4,2,5,,,3,1,6/24/2013,2013,1,,,,,,,,,,,43,4
848_Canada EC (CETA)_2016,28,1,29,0,2,3,1,12/31/2016,2016,1,,,,,,,,,,,119,6
84_Australia US_2004,1,1,2,0,2,1,1,5/18/2004,2004,1,156369010,8199546.752,48451.46669,6.40927E+11,450720,6495528440,72.1,6.9807167,8.71,59.98191911,74,5
852_Canada Korea_2014,1,2,2,0,2,1,1,9/22/2014,2014,1,43092047,1811844.895,42922.32499,6.41527E+11,524695.5,1195719460,68.75,3.5539033,8.88,47.89444634,66,5
855_Canada Ukraine_2016,1,2,2,0,2,1,1,7/11/2016,2016,1,40557080,1108227.002,29343.45143,2.6369E+11,213175.5,791650720,60.25,4.4217896,8.88,47.90709434,60,5
858_Chile Hong Kong_2012,1,3,2,0,2,1,,9/7/2012,2012,1,12245935.5,388311.6367,38158.26506,,285349,122362884,,28.514435,8.22,,40,4
862_China Switzerland_2013,1,2,2,0,2,1,1,7/6/2013,2013,1,685664673,7839417.719,39189.50963,1.43162E+12,1283428.5,9999558480,59.4,3.0398548,9.14,49.95680897,53,4
864_Central America EFTA_2013,8,2,6,0,2,3,,6/24/2013,2013,1,,,,,,,,,,,76,4
866_EC Georgia_2014,28,2,29,0,2,3,1,6/1/2013,2014,1,17652520.17,713126.2436,38711.99983,,212644.2069,3489327019,70.02068966,223.4367,9.39,46.72201458,102,6
867_Armenia EC_2013,29,2,30,0,,3,0,12/31/2013,2013,1,17569856.31,1712375.724,38674.94578,,209807.2414,3661671399,70.4,108.6482,9.39,46.90063231,,
867_Armenia EC_2018,29,2,30,0,,3,0,12/31/2018,2018,1,,,,,,,,,,,122,6
869_EC Japan_2018,29,1,30,0,,3,1,12/31/2018,2018,1,22078360.14,963809.254,44182.81515,,248880.3448,4567638088,71.1862069,29.122051,9.39,47.47448456,112,6
86_Azerbaijan Georgia_1996,1,3,2,0,2,1,1,3/8/1996,1996,0,6127349.5,19987.61984,3362.855638,602156289.3,414.5,35296122,43.9,,5.2,46.10519262,3,1
872_EC Moldova_2014,28,2,29,,2,3,1,6/27/2014,2014,1,17622809.86,712570.1359,38644.91894,,212626.2414,3485147147,70.12758621,223.4367,9.39,47.26561679,120,6
874_EC Singapore_2018,29,2,30,0,,3,0,12/31/2018,2018,1,17900004.14,800870.7454,46131.17429,,237666.9655,3476004772,70.6,29.122051,9.39,46.94234343,98,4
876_EC Ukraine_2014,28,2,29,,,3,1,3/21/2014,2014,1,19085373.31,729920.1829,38695.09187,,214404.2069,3738027331,70.30344828,223.4367,9.39,46.92671785,117,6
877_EC Vietnam_2016,28,2,29,0,2,3,1,1/18/2016,2016,1,20836329.1,766019.5369,40618.24328,,191626.7586,3720630449,69.74827586,54.180317,9.39,47.0354385,123,6
885_Guatemala Trinidad Tobago_2015,1,3,2,0,,1,0,12/31/2015,2015,0,8513798,83118.46391,18587.20605,,10712.5,61511567,39.65,1.935088,7.16,50.18264282,11,1
890_MERCOSUR Mexico_2003,4,3,5,0,,3,0,12/31/2003,2003,0,,,,,,,,,,,1,1
891_Mexico Panama_2014,1,3,2,0,2,1,1,4/3/2014,2014,0,61322340,1195422.849,23165.40629,2.23442E+11,204936,494969111,49.95,9.984495,6.91,52.9379917,23,2
895_Pacific Agreement on Closer Economic Relations (PACER) Plus_2017,105,2,15,0,,2,0,12/31/2017,2017,0,,,,,,,,,,,48,3
896_Panama Trinidad Tobago_2013,1,3,2,0,,1,0,12/31/2013,2013,0,2631142.5,70578.35184,27863.78614,,16738.5,56336933,47.4,8.331159,7.16,49.65249355,11,1
899_Transpacific Partnership_2016,66,3,12,0,2,2,0,2/4/2016,2016,1,68048696,2711824.055,39899.80794,,323764.75,8582199364,58.975,,,51.41284262,134,6
8_Albania EC SAA_2006,27,2,28,0,2,3,0,6/12/2006,2006,0,,,,,,,,,,,17,2
9003_WTO Agreements_1994,7626,2,124,0,6,7,0,4/15/1994,1994,0,,,,,,,,,,,22,2
9004_Revised Agreement on Governement Procurement_2012,820,2,41,1,6,7,0,3/30/2012,2012,0,,,,,,,,,,,2,1
9005_Agreement on Trade Facilitation_2014,12403,2,158,1,6,7,0,11/27/2014,2014,0,,,,,,,,,,,8,1
902_East African Community Common Market_2009,10,3,5,0,,2,1,12/31/2009,2009,1,26897600,60766.59505,1886.328657,3724989761,1863,21836307,32.44,3.3491616,5.1,53.00374262,24,2
906_Armenia Cyprus_1996,1,3,2,0,2,1,0,1/18/1995,1996,0,2089478,9420502.258,22733.17406,3700133692,840.5,8712200,58.55,2.334712,7.38,52.3879395,0,1
907_Bangladesh India_2006,1,3,2,0,2,1,0,3/21/2006,2006,0,657501309.5,2204933.718,2963.864095,1.05859E+11,66805,1334173770,28.3,2.1301684,7.04,53.15590624,0,1
909_China Korea_2014,1,3,2,0,2,1,1,6/2/2015,2014,1,711303329.5,9093131.453,24919.98985,1.5864E+12,1457692,10628040460,51.9,2.5592475,8.03,49.43952519,,
909_China Korea_2015,1,3,2,0,2,1,1,12/31/2014,2014,1,711303329.5,9093131.453,24919.98985,1.5864E+12,1457692,10628040460,51.9,2.5592475,8.03,49.43952519,72,4
911_Australia Korea_2014,1,2,2,0,2,1,0,4/8/2014,2014,1,37111172.5,1545334.182,43761.93722,5.09789E+11,406533,1022415840,70.7,4.303611,8.71,54.34093494,69,4
912_Korea New Zealand_2015,1,2,2,0,2,1,0,3/23/2015,2015,1,27812173.5,1083407.85,39478.61466,3.39957E+11,280556,669989436,68.9,0.2799448,9.61,43.00844739,97,5
913_Korea Vietnam_2015,1,3,2,0,2,1,0,5/5/2015,2015,0,71603172.5,1289313.019,22644.28881,,344411,849639250,49.95,4.9319077,8.03,47.34510051,16,1
915_Belarus Kazakhstan Russia Vietnam_2015,15,3,6,0,2,3,0,5/29/2015,2015,1,45354607.5,5920852.224,18513.86052,,96520.66667,2207331544,45.61666667,17.131231,5.63,49.73909549,40,4
919_Honduras Peru_2015,1,3,2,0,2,1,0,9/23/2014,2015,0,20003184,208484.9996,8688.809899,24939932763,20885.5,59575863,40.9,6.2759433,5.92,51.28323302,42,2
92_Azerbaijan Ukraine_1995,1,3,2,0,2,1,1,7/28/1995,1995,0,29598825,215093.0109,5441.890543,11740572210,6881.5,423381480,48,13.653487,5.42,49.07339008,2,1
930_Japan Mongolia_2015,1,2,2,0,2,1,1,2/10/2015,2015,0,65052874.5,2578165.288,25653.03432,3.90093E+11,314795,1246450874,53.65,0.81170946,8.33,60.0362153,51,3
935_India Korea_2009,1,3,2,0,,1,1,12/31/2009,2009,0,636473997.5,3232138.538,18189.61669,3.50138E+11,264221.5,2150036140,47.05,2.6515903,8.03,51.58725057,35,2
943_Malaysia Turkey_2014,1,3,2,0,2,2,0,4/17/2014,2014,1,53894171.5,1325453.56,24493.17957,,200216,609078010,45.25,3.1412294,7.3,47.01161303,42,3
949_Central America Mexico_2011,5,3,6,0,2,3,1,11/11/2011,2011,0,25675721.33,403129.9034,10000.57747,68719212631,64632.66667,522118489,42.83333333,9.579183,8.29,52.27863528,32,2
94_Bahrain Jordan_2001,1,3,2,0,2,1,0,7/21/2001,2001,0,2946783.5,40330.18351,28627.73451,5194670960,3935,30984410,52.2,3.048505,3.17,59.4142573,2,1
955_China Iceland_2013,1,2,2,0,,1,1,12/31/2013,2013,0,681781882,7575483.127,30813.80464,1.18143E+12,1107001.5,9959866100,54.8,3.0398548,9.52,49.34501022,28,2
961_Singapore Taipei_2013,1,3,2,0,,1,1,12/31/2013,2013,0,,,,,,,,,,,24,2
962_Singapore Turkey_2015,1,3,2,0,,1,1,12/31/2015,2015,0,41876740.5,1275126.941,57843.37496,,251284.5,446854924,50.35,22.654182,6.22,49.00713525,45,2
965_EFTA Philippines_2016,4,2,5,0,2,3,1,4/28/2016,2016,1,,,,,,,,,,,74,4
967 Colombia US_Environment,1,2,2,0,2,1,1,4/19/2013,2013,0,181148938.5,9232277.1,34978.2914,1.17804E+12,819208.5,5568261364,61.1,4.2425246,7.85,51.23237993,,
968_Panama US_Environment,1,2,2,0,2,1,1,5/2/2012,2012,0,158816262,8804064.167,40496.16395,1.12405E+12,780824,5353854100,58.3,8.36489,7.85,52.16606588,36,4
969_Korea US_Environment,1,2,2,0,2,1,1,1/23/2012,2012,0,182038757.5,9661896.028,45932.61953,1.45463E+12,1046786.5,5972029040,67.9,1.5402081,8.03,51.39698732,47,4
96_Bahrain US_2004,1,2,2,0,2,1,1,9/14/2004,2004,1,146819374.5,7777377.062,50324.75744,5.9335E+11,411216.5,6130538504,60.15,6.58021,7.85,57.46503144,58,4
971_Indonesia Pakistan_2012,,3,,,,,,12/31/2012,2012,0,226214278,1503027.1,6542.633819,1.2678E+11,107299.5,670839760,35.45,2.3097804,6.71,53.63433411,1,1
972_Ecuador EFTA_2018,,2,,,,,,12/31/2018,2018,1,,,,,,,,,,,86,4
974_Chile Uruguay_2016,1,3,2,0,,1,0,12/31/2016,2016,1,10748822.5,254879.84,23222.83937,42546307293,33880.5,90771729,52.2,4.557075,8.91,47.63762341,66,4
975_EC Kosovo SAA_2015,28,2,29,0,2,3,0,12/31/2015,2015,0,17637050.66,729359.2276,39874.00276,,,,,,,,37,2
976_Laos_US_2003,1,2,2,0,,1,0,12/31/2003,2003,0,147898499,7478987.812,27392.01259,5.1782E+11,362553,6011366264,52.05,1.0221847,7.85,52.23046863,6,1
977_EC EAC_2016,561,2,34,0,,4,0,12/31/2016,2016,1,,,,,,,,,,,61,4
978_EC SADC_2016,595,2,35,0,,4,0,12/31/2016,2016,1,,,,,,,,,9.39,,39,4
979_EC Fiji Papua New Guinea_2009,,2,,,,,,12/31/2009,2009,0,,,,,,,,,,,14,1
97_Baltic Free Trade Area (BAFTA) agriculture_1996,3,3,3,0,1,2,0,6/16/1996,1996,0,2491476.333,28136.86679,11617.47187,2954834421,2292,43995718,63.26666667,5.545409,7.96,45.65884561,4,1
980_EC West African states_2014,990,2,45,0,,4,0,12/31/2014,2014,0,19478564.41,501908.1942,26329.10155,,143476.5909,3657825023,55.78636364,223.4367,9.39,49.78856968,36,2
981_EFTA Georgia_2016,4,2,5,0,,3,1,12/31/2016,2016,1,,,,,,,,,,,69,3
983_Moldova Turkey_2014,1,3,2,0,,1,1,12/31/2014,2014,0,40019849.5,983178.0794,17694.70319,,84422.5,368787116,43.5,3.6798525,6.23,53.69459899,9,1
984_Hong Kong Macao_2017,1,3,2,0,,1,1,12/31/2017,2017,0,4015904.5,260461.1206,92996.68396,,275635.5,44358436,,,,,11,1
986_Pan-Arab Free Trade Area PAFTA_1997,210,3,21,0,,2,1,12/31/1997,1997,0,,,,,,,,,,,1,1
987_EFTA SACU_2006,36,2,9,0,,4,1,12/31/2006,2006,0,,,,,,,,,,,19,2
988_African Continental FTA_2018,1431,3,54,0,,2,0,12/31/2018,2018,0,,,,,,,,,,,9,1
989_Comprehensive and Progressive Agreement for Transpacific Partnership (CPTPP)_2018,,2,,,,,,12/31/2018,2018,1,45640522.55,1286707.94,39587.27894,,270134.6364,3359672613,58.03636364,,,50.90146727,83,5
98_Baltic Free Trade Area (BAFTA) industrial_1993,3,3,3,0,2,2,1,11/13/1993,1993,0,2580010.333,26781.63629,10579.39793,,1276,47681218,63.26666667,,7.96,45.65884561,4,1
990_China Georgia_2017,1,3,2,0,,1,1,12/31/2017,2017,0,699971502,9968849.219,13916.73326,1.21589E+12,1133046,10021323526,39.3,11.884649,5.2,46.48397572,36,2
992_Australia Peru_2018,1,2,2,0,,1,0,12/31/2018,2018,1,28583601,846325.0116,32084.41337,1.84244E+11,152558.5,471198972,59.45,4.2445602,8.71,57.04854411,65,4
993_Argentina Chile_2017,1,3,2,0,,1,0,12/31/2017,2017,1,31206694,738210.3128,23630.33637,75579274962,63733.5,271037140,53.75,1.8964703,8.22,53.31692362,86,4
995_Eurasian Economic Union (EEU) Iran_2018,,3,,,,,,12/31/2018,2018,0,44495002.5,6322943.235,20326.35197,1.2112E+11,107711.1667,2809037437,48.05,2.3762653,5.63,51.63968749,11,1
996_Colombia MERCOSUR_2017,4,3,5,0,,3,0,12/31/2017,2017,0,,,,,,,,,,,9,1
997_EC Kazakhstan_2015,29,2,30,0,,3,0,12/31/2015,2015,1,18180313.07,743458.85,40379.31199,,187615.7586,3793883962,70.13793103,145.95209,9.39,47.37847105,93,5
99_Baltic Free Trade Area (BAFTA) Non Tariff Barriers_1997,3,3,3,0,1,2,0,11/20/1997,1997,0,2469174.333,30822.15413,12940.34391,3590067178,2822.666667,42526634,63.26666667,7.266534,7.96,45.65884561,9,1
9_Albania EFTA_2009,4,2,5,0,2,3,1,12/17/2009,2009,0,,,,,,,,,,,13,1
